reporting_airline,scheduled_flights,cancelled_flights,operated_flights,delayed_departure_15_flights,positive_departure_delay_minutes,cancel_rate,delay_rate,avg_delay_min,expected_delayed_flights,observed_to_expected_ratio,meets_min_volume,crude_rank,adjusted_rank,rank_change,share_of_flights
EV,839952,20729,819223,230689,14688403.0,0.0247,0.2816,17.93,165686.3,1.3923,True,1,1,0,0.0387
MQ,1581275,61113,1520162,352450,21663193.0,0.0386,0.2319,14.25,306006.7,1.1518,True,2,2,0,0.0717
AA,1882339,45491,1836848,421120,27479762.0,0.0242,0.2293,14.96,371425.6,1.1338,True,3,3,0,0.0867
UA,1439525,32708,1406817,317803,21920942.0,0.0227,0.2259,15.58,282334.3,1.1256,True,4,4,0,0.0664
OH,711738,22249,689489,150917,8919019.0,0.0313,0.2189,12.94,140965.7,1.0706,True,7,5,2,0.0325
B6,543273,7574,535699,118591,8578495.0,0.0139,0.2214,16.01,110787.2,1.0704,True,5,6,-1,0.0253
YV,854056,30050,824006,181836,12992153.0,0.0352,0.2207,15.77,170542.7,1.0662,True,6,7,-1,0.0389
CO,930995,8302,922693,194198,13108379.0,0.0089,0.2105,14.21,184758.0,1.0511,True,8,8,0,0.0436
AS,470691,7132,463559,96411,5761876.0,0.0152,0.208,12.43,95953.3,1.0048,True,10,9,1,0.0219
WN,3469946,31333,3438613,719230,38962701.0,0.009,0.2092,11.33,716251.6,1.0042,True,9,10,-1,0.1623
XE,1250753,30508,1220245,245565,17253216.0,0.0244,0.2012,14.14,246090.3,0.9979,True,11,11,0,0.0576
FL,762488,6779,755709,150631,9337104.0,0.0089,0.1993,12.36,157041.8,0.9592,True,12,12,0,0.0357
US,1443880,21035,1422845,263816,15550212.0,0.0146,0.1854,10.93,292180.7,0.9029,True,13,13,0,0.0672
OO,1713146,39464,1673682,298674,18890771.0,0.023,0.1785,11.29,340515.1,0.8771,True,14,14,0,0.079
DL,1433906,21029,1412877,239256,14378584.0,0.0147,0.1693,10.18,285980.6,0.8366,True,16,15,1,0.0667
NW,1195058,15574,1179484,199494,12359090.0,0.013,0.1691,10.48,239947.7,0.8314,True,17,16,1,0.0557
F9,283703,1603,282100,47891,2475981.0,0.0057,0.1698,8.78,58176.3,0.8232,True,15,17,-2,0.0133
9E,521059,15039,506020,77928,5412680.0,0.0289,0.154,10.7,104794.1,0.7436,True,18,18,0,0.0239
HA,170174,1061,169113,8066,576111.0,0.0062,0.0477,3.41,34052.5,0.2369,True,19,19,0,0.008
KH,89547,1175,88372,6367,344123.0,0.0131,0.072,3.89,17517.2,0.3635,False,,,,0.0042
TZ,19602,227,19375,4020,298453.0,0.0116,0.2075,15.4,3945.3,1.0189,False,,,,0.0009
