day_of_week,scheduled_departure_hour,scheduled_flights,cancelled_flights,operated_flights,delayed_departure_15_flights,positive_departure_delay_minutes,cancel_rate,delay_rate,avg_delay_min
1,0,4032,39,3993,721,45272.0,0.0097,0.1806,11.34
1,1,1612,26,1586,277,14082.0,0.0161,0.1747,8.88
1,2,409,5,404,65,3977.0,0.0122,0.1609,9.84
1,3,181,4,177,40,3651.0,0.0221,0.226,20.63
1,4,328,2,326,55,5475.0,0.0061,0.1687,16.79
1,5,21069,434,20635,1288,109016.0,0.0206,0.0624,5.28
1,6,229992,4102,225890,15289,1205912.0,0.0178,0.0677,5.34
1,7,223191,3368,219823,20860,1431032.0,0.0151,0.0949,6.51
1,8,218775,3299,215476,26706,1698235.0,0.0151,0.1239,7.88
1,9,206152,3279,202873,30924,1852478.0,0.0159,0.1524,9.13
1,10,201022,3209,197813,35387,2055572.0,0.016,0.1789,10.39
1,11,208552,3416,205136,39647,2335751.0,0.0164,0.1933,11.39
1,12,197024,3409,193615,40630,2449076.0,0.0173,0.2098,12.65
1,13,204925,3712,201213,46089,2829907.0,0.0181,0.2291,14.06
1,14,197177,3858,193319,47456,2955392.0,0.0196,0.2455,15.29
1,15,193710,4165,189545,49145,3017977.0,0.0215,0.2593,15.92
1,16,203660,4976,198684,53829,3411271.0,0.0244,0.2709,17.17
1,17,214783,5142,209641,59498,3846337.0,0.0239,0.2838,18.35
1,18,191788,4639,187149,54296,3537703.0,0.0242,0.2901,18.9
1,19,185745,4215,181530,52616,3397331.0,0.0227,0.2898,18.71
1,20,129089,2586,126503,37693,2366061.0,0.02,0.298,18.7
1,21,108453,1828,106625,28758,1741982.0,0.0169,0.2697,16.34
1,22,39091,545,38546,8456,494304.0,0.0139,0.2194,12.82
1,23,16414,160,16254,3336,191061.0,0.0097,0.2052,11.75
2,0,3926,16,3910,613,36656.0,0.0041,0.1568,9.37
2,1,1570,16,1554,232,13188.0,0.0102,0.1493,8.49
2,2,382,4,378,48,2688.0,0.0105,0.127,7.11
2,3,161,0,161,35,2277.0,0.0,0.2174,14.14
2,4,323,1,322,40,2491.0,0.0031,0.1242,7.74
2,5,20903,415,20488,1121,97237.0,0.0199,0.0547,4.75
2,6,229475,4100,225375,12662,971781.0,0.0179,0.0562,4.31
2,7,220301,3435,216866,16864,1120861.0,0.0156,0.0778,5.17
2,8,215135,3258,211877,21957,1356507.0,0.0151,0.1036,6.4
2,9,202519,3448,199071,25643,1483384.0,0.017,0.1288,7.45
2,10,192831,3279,189552,28305,1604861.0,0.017,0.1493,8.47
2,11,201918,3616,198302,31420,1775764.0,0.0179,0.1584,8.95
2,12,192206,3603,188603,32782,1922851.0,0.0187,0.1738,10.2
2,13,200020,4001,196019,37287,2257997.0,0.02,0.1902,11.52
2,14,194063,4107,189956,39134,2393791.0,0.0212,0.206,12.6
2,15,191030,4516,186514,41465,2554626.0,0.0236,0.2223,13.7
2,16,201360,5332,196028,46263,2940016.0,0.0265,0.236,15.0
2,17,212717,5582,207135,52679,3431491.0,0.0262,0.2543,16.57
2,18,190219,5113,185106,48096,3157934.0,0.0269,0.2598,17.06
2,19,183668,4854,178814,47351,3071624.0,0.0264,0.2648,17.18
2,20,127192,3106,124086,34156,2190661.0,0.0244,0.2753,17.65
2,21,106877,2161,104716,25830,1554637.0,0.0202,0.2467,14.85
2,22,37387,591,36796,7405,433870.0,0.0158,0.2012,11.79
2,23,14750,126,14624,2856,168923.0,0.0085,0.1953,11.55
3,0,3755,13,3742,530,29378.0,0.0035,0.1416,7.85
3,1,1555,14,1541,213,11831.0,0.009,0.1382,7.68
3,2,320,0,320,30,2131.0,0.0,0.0938,6.66
3,3,145,2,143,34,2098.0,0.0138,0.2378,14.67
3,4,323,5,318,33,2567.0,0.0155,0.1038,8.07
3,5,21041,391,20650,1114,99109.0,0.0186,0.0539,4.8
3,6,230841,4320,226521,12612,979342.0,0.0187,0.0557,4.32
3,7,222457,3933,218524,16924,1171328.0,0.0177,0.0774,5.36
3,8,217087,3716,213371,22397,1418047.0,0.0171,0.105,6.65
3,9,204343,3874,200469,26262,1554514.0,0.019,0.131,7.75
3,10,197665,3768,193897,29776,1722184.0,0.0191,0.1536,8.88
3,11,205157,4040,201117,33372,1913195.0,0.0197,0.1659,9.51
3,12,194126,3828,190298,34431,2031513.0,0.0197,0.1809,10.68
3,13,203535,4011,199524,39574,2384693.0,0.0197,0.1983,11.95
3,14,195329,3970,191359,41337,2517195.0,0.0203,0.216,13.15
3,15,191844,4230,187614,44140,2662329.0,0.022,0.2353,14.19
3,16,202529,4886,197643,49069,3064852.0,0.0241,0.2483,15.51
3,17,213642,5199,208443,55717,3564346.0,0.0243,0.2673,17.1
3,18,190734,4646,186088,51674,3365124.0,0.0244,0.2777,18.08
3,19,184617,4361,180256,51112,3302194.0,0.0236,0.2836,18.32
3,20,128133,2883,125250,37127,2357534.0,0.0225,0.2964,18.82
3,21,108095,2082,106013,27932,1703822.0,0.0193,0.2635,16.07
3,22,38239,590,37649,7994,469787.0,0.0154,0.2123,12.48
3,23,15963,145,15818,3387,193080.0,0.0091,0.2141,12.21
4,0,3871,19,3852,597,33769.0,0.0049,0.155,8.77
4,1,1561,8,1553,238,13527.0,0.0051,0.1533,8.71
4,2,396,1,395,45,2548.0,0.0025,0.1139,6.45
4,3,158,2,156,42,3066.0,0.0127,0.2692,19.65
4,4,319,7,312,32,3422.0,0.0219,0.1026,10.97
4,5,21151,376,20775,1138,95081.0,0.0178,0.0548,4.58
4,6,231459,4018,227441,13235,1046754.0,0.0174,0.0582,4.6
4,7,223682,3589,220093,17790,1215393.0,0.016,0.0808,5.52
4,8,218542,3586,214956,23131,1470330.0,0.0164,0.1076,6.84
4,9,205655,3562,202093,27260,1608660.0,0.0173,0.1349,7.96
4,10,200128,3457,196671,31793,1826442.0,0.0173,0.1617,9.29
4,11,207586,3569,204017,36629,2102340.0,0.0172,0.1795,10.3
4,12,195485,3523,191962,38337,2273776.0,0.018,0.1997,11.84
4,13,203515,3832,199683,44886,2743867.0,0.0188,0.2248,13.74
4,14,195223,3948,191275,47311,2936775.0,0.0202,0.2473,15.35
4,15,191542,4388,187154,50863,3142135.0,0.0229,0.2718,16.79
4,16,201223,5298,195925,56926,3673010.0,0.0263,0.2905,18.75
4,17,212417,5757,206660,64965,4245427.0,0.0271,0.3144,20.54
4,18,189899,5036,184863,61481,4104789.0,0.0265,0.3326,22.2
4,19,184114,4797,179317,61519,4065522.0,0.0261,0.3431,22.67
4,20,129021,3095,125926,45458,2989043.0,0.024,0.361,23.74
4,21,108688,2136,106552,35007,2186128.0,0.0197,0.3285,20.52
4,22,39474,665,38809,10510,637880.0,0.0168,0.2708,16.44
4,23,17802,232,17570,4813,286326.0,0.013,0.2739,16.3
5,0,4017,31,3986,737,40634.0,0.0077,0.1849,10.19
5,1,1597,12,1585,296,16645.0,0.0075,0.1868,10.5
5,2,402,1,401,58,4504.0,0.0025,0.1446,11.23
5,3,170,2,168,47,3340.0,0.0118,0.2798,19.88
5,4,324,1,323,35,3226.0,0.0031,0.1084,9.99
5,5,21101,452,20649,1245,104924.0,0.0214,0.0603,5.08
5,6,230365,4582,225783,14720,1131702.0,0.0199,0.0652,5.01
5,7,223323,4005,219318,19974,1331389.0,0.0179,0.0911,6.07
5,8,218481,3783,214698,26253,1648511.0,0.0173,0.1223,7.68
5,9,205306,3832,201474,31036,1808263.0,0.0187,0.154,8.98
5,10,199991,3541,196450,35897,2074761.0,0.0177,0.1827,10.56
5,11,207533,3753,203780,41375,2363875.0,0.0181,0.203,11.6
5,12,195813,3549,192264,43529,2590637.0,0.0181,0.2264,13.47
5,13,203745,4029,199716,51031,3139088.0,0.0198,0.2555,15.72
5,14,195888,4198,191690,53372,3297047.0,0.0214,0.2784,17.2
5,15,192475,4784,187691,56784,3504330.0,0.0249,0.3025,18.67
5,16,202690,5707,196983,62625,4037524.0,0.0282,0.3179,20.5
5,17,214063,6271,207792,70324,4636382.0,0.0293,0.3384,22.31
5,18,191542,5365,186177,65449,4345017.0,0.028,0.3515,23.34
5,19,186040,5258,180782,65311,4294324.0,0.0283,0.3613,23.75
5,20,130548,3281,127267,48466,3155423.0,0.0251,0.3808,24.79
5,21,110141,2279,107862,36878,2268127.0,0.0207,0.3419,21.03
5,22,40596,762,39834,11128,670869.0,0.0188,0.2794,16.84
5,23,17880,254,17626,4865,293144.0,0.0142,0.276,16.63
6,0,4489,33,4456,801,42913.0,0.0074,0.1798,9.63
6,1,1596,22,1574,294,16156.0,0.0138,0.1868,10.26
6,2,413,8,405,62,3726.0,0.0194,0.1531,9.2
6,3,187,4,183,55,4190.0,0.0214,0.3005,22.9
6,4,329,5,324,50,3632.0,0.0152,0.1543,11.21
6,5,18114,407,17707,1185,95578.0,0.0225,0.0669,5.4
6,6,187152,3861,183291,13737,1052665.0,0.0206,0.0749,5.74
6,7,191024,3138,187886,17108,1180736.0,0.0164,0.0911,6.28
6,8,203084,2953,200131,22909,1448903.0,0.0145,0.1145,7.24
6,9,189192,2713,186479,26120,1559692.0,0.0143,0.1401,8.36
6,10,182511,2389,180122,29187,1692222.0,0.0131,0.162,9.39
6,11,187377,2500,184877,33016,1915326.0,0.0133,0.1786,10.36
6,12,183379,2483,180896,34519,2032314.0,0.0135,0.1908,11.23
6,13,183524,2553,180971,37647,2255090.0,0.0139,0.208,12.46
6,14,176247,2633,173614,38773,2308492.0,0.0149,0.2233,13.3
6,15,163954,2526,161428,37776,2215062.0,0.0154,0.234,13.72
6,16,172143,2805,169338,39710,2409936.0,0.0163,0.2345,14.23
6,17,171561,2718,168843,41279,2521076.0,0.0158,0.2445,14.93
6,18,148018,2329,145689,35068,2129649.0,0.0157,0.2407,14.62
6,19,130498,2024,128474,31236,1870315.0,0.0155,0.2431,14.56
6,20,81463,1169,80294,20189,1199518.0,0.0144,0.2514,14.94
6,21,69582,995,68587,15291,874093.0,0.0143,0.2229,12.74
6,22,30363,456,29907,5415,319169.0,0.015,0.1811,10.67
6,23,14820,172,14648,2721,155605.0,0.0116,0.1858,10.62
7,0,4027,30,3997,500,30775.0,0.0074,0.1251,7.7
7,1,1514,17,1497,239,14368.0,0.0112,0.1597,9.6
7,2,384,5,379,41,3311.0,0.013,0.1082,8.74
7,3,177,2,175,33,2627.0,0.0113,0.1886,15.01
7,4,322,7,315,45,3278.0,0.0217,0.1429,10.41
7,5,14060,274,13786,927,77674.0,0.0195,0.0672,5.63
7,6,166117,2930,163187,10591,839121.0,0.0176,0.0649,5.14
7,7,180864,2813,178051,13734,949746.0,0.0156,0.0771,5.33
7,8,201597,2978,198619,19133,1247852.0,0.0148,0.0963,6.28
7,9,194296,2828,191468,22968,1396373.0,0.0146,0.12,7.29
7,10,196001,2957,193044,27890,1659893.0,0.0151,0.1445,8.6
7,11,202010,3104,198906,32136,1947767.0,0.0154,0.1616,9.79
7,12,194381,3047,191334,35729,2193741.0,0.0157,0.1867,11.47
7,13,200998,3421,197577,42233,2632580.0,0.017,0.2138,13.32
7,14,194390,3523,190867,45580,2865616.0,0.0181,0.2388,15.01
7,15,190198,3845,186353,48752,3018440.0,0.0202,0.2616,16.2
7,16,201697,4616,197081,55515,3536222.0,0.0229,0.2817,17.94
7,17,212396,4871,207525,62582,4083950.0,0.0229,0.3016,19.68
7,18,190620,4171,186449,58691,3864218.0,0.0219,0.3148,20.73
7,19,184893,3893,181000,59462,3849957.0,0.0211,0.3285,21.27
7,20,130193,2440,127753,44517,2838815.0,0.0187,0.3485,22.22
7,21,109945,1918,108027,35057,2148330.0,0.0174,0.3245,19.89
7,22,40254,712,39542,10433,638424.0,0.0177,0.2638,16.15
7,23,18228,239,17989,4480,265252.0,0.0131,0.249,14.75
