year,month,scheduled_flights,cancelled_flights,operated_flights,delayed_departure_15_flights,positive_departure_delay_minutes,cancel_rate,delay_rate,avg_delay_min
2006,1,581287,9787,571500,100690,5971302.0,0.0168,0.1762,10.45
2006,2,531247,11293,519954,103086,5891392.0,0.0213,0.1983,11.33
2006,3,605217,7586,597631,122135,7078286.0,0.0125,0.2044,11.84
2006,4,585351,6604,578747,105919,6052389.0,0.0113,0.183,10.46
2006,5,602919,7057,595862,110420,6425102.0,0.0117,0.1853,10.78
2006,6,598315,10088,588227,137311,8710762.0,0.0169,0.2334,14.81
2006,7,621244,10735,610509,138898,8950309.0,0.0173,0.2275,14.66
2006,8,628732,9783,618949,125659,7573141.0,0.0156,0.203,12.24
2006,9,584937,9950,574987,104649,6533040.0,0.017,0.182,11.36
2006,10,611718,11399,600319,124653,7734990.0,0.0186,0.2076,12.88
2006,11,586197,9558,576639,107841,6476824.0,0.0163,0.187,11.23
2006,12,604758,18094,586664,143516,8871922.0,0.0299,0.2446,15.12
2007,1,621559,15777,605782,128259,7602797.0,0.0254,0.2117,12.55
2007,2,565604,25465,540139,137813,8611899.0,0.045,0.2551,15.94
2007,3,639209,16877,622332,137444,8649248.0,0.0264,0.2209,13.9
2007,4,614648,11138,603510,118629,7423505.0,0.0181,0.1966,12.3
2007,5,631609,6841,624768,109918,6672606.0,0.0108,0.1759,10.68
2007,6,629280,17243,612037,162109,10993023.0,0.0274,0.2649,17.96
2007,7,648560,13506,635054,161146,10610752.0,0.0208,0.2538,16.71
2007,8,653279,12295,640984,153248,9940771.0,0.0188,0.2391,15.51
2007,9,600187,6507,593680,87426,5323169.0,0.0108,0.1473,8.97
2007,10,629992,7327,622665,108181,6542681.0,0.0116,0.1737,10.51
2007,11,605149,6279,598870,99297,6000751.0,0.0104,0.1658,10.02
2007,12,616382,21554,594828,169508,10733608.0,0.035,0.285,18.04
2008,1,605765,17308,588457,128093,8162151.0,0.0286,0.2177,13.87
2008,2,569236,20596,548640,134634,8694565.0,0.0362,0.2454,15.85
2008,3,616090,16183,599907,138910,8801816.0,0.0263,0.2316,14.67
2008,4,598126,10355,587771,103076,6360506.0,0.0173,0.1754,10.82
2008,5,606293,6229,600064,100607,6151796.0,0.0103,0.1677,10.25
2008,6,608665,10931,597734,141872,9392353.0,0.018,0.2373,15.71
2008,7,627931,10598,617333,128154,8720285.0,0.0169,0.2076,14.13
2008,8,612279,9835,602444,110374,7290770.0,0.0161,0.1832,12.1
2008,9,540908,9913,530995,61260,3783181.0,0.0183,0.1154,7.12
2008,10,556205,3249,552956,63117,3755499.0,0.0058,0.1141,6.79
2008,11,523272,4458,518814,69229,4352178.0,0.0085,0.1334,8.39
2008,12,544956,17777,527179,147872,10111879.0,0.0326,0.2805,19.18
