reporting_airline,time_block,operated_flights,delayed_departure_15_flights,expected_delayed_flights,delay_rate,observed_to_expected_ratio,excess_delayed_flights,priority
EV,tarde,335518,113989,81691.3,0.3397,1.3954,32297.7,alta
WN,noche,769249,261336,233101.7,0.3397,1.1211,28234.3,alta
MQ,mañana,628178,100939,76037.8,0.1607,1.3275,24901.2,alta
AA,tarde,723064,200129,175615.7,0.2768,1.1396,24513.3,alta
EV,mañana,334259,62203,41367.2,0.1861,1.5037,20835.8,alta
AA,noche,350484,124098,104119.0,0.3541,1.1919,19979.0,alta
MQ,tarde,597582,162037,145484.8,0.2712,1.1138,16552.2,alta
WN,tarde,1295508,332952,316412.4,0.257,1.0523,16539.6,media
UA,tarde,509911,139300,124667.3,0.2732,1.1174,14632.7,alta
UA,mañana,598632,84093,71181.3,0.1405,1.1814,12911.7,alta
YV,mañana,309280,50037,37795.5,0.1618,1.3239,12241.5,alta
EV,noche,141564,53988,42158.0,0.3814,1.2806,11830.0,alta
OH,mañana,279815,43861,34422.6,0.1567,1.2742,9438.4,alta
CO,tarde,347458,94340,84907.4,0.2715,1.1111,9432.6,alta
FL,noche,159175,55719,46655.6,0.35,1.1943,9063.4,alta
UA,noche,295446,94214,86288.3,0.3189,1.0919,7925.7,media
B6,noche,140020,46656,40570.4,0.3332,1.15,6085.6,alta
AA,mañana,754766,95534,90651.7,0.1266,1.0539,4882.3,media
MQ,noche,275982,87974,83387.5,0.3188,1.055,4586.5,media
B6,tarde,177728,47740,43716.2,0.2686,1.092,4023.8,media
CO,noche,180755,57386,53381.2,0.3175,1.075,4004.8,media
YV,tarde,322859,81498,78231.4,0.2524,1.0418,3266.6,media
XE,noche,211781,66794,63774.1,0.3154,1.0474,3019.9,media
AS,mañana,178876,23247,21095.8,0.13,1.102,2151.2,alta
OH,noche,123830,39235,37384.9,0.3168,1.0495,1850.1,media
9E,mañana,194237,25598,23921.9,0.1318,1.0701,1676.1,media
OO,mañana,676510,82920,82418.6,0.1226,1.0061,501.4,media
XE,tarde,502682,122984,122559.3,0.2447,1.0035,424.7,media
MQ,madrugada,18420,1500,1096.5,0.0814,1.368,403.5,alta
AS,tarde,159539,39205,38923.9,0.2457,1.0072,281.1,media
US,madrugada,11904,1106,842.5,0.0929,1.3128,263.5,alta
US,mañana,577104,71057,70919.1,0.1231,1.0019,137.9,media
DL,madrugada,10332,1056,1126.8,0.1022,0.9372,-70.8,baja
XE,madrugada,15963,986,1064.4,0.0618,0.9263,-78.4,baja
CO,madrugada,22201,2143,2371.6,0.0965,0.9036,-228.6,baja
FL,madrugada,10214,304,608.1,0.0298,0.4999,-304.1,baja
OO,madrugada,17503,714,1043.6,0.0408,0.6841,-329.6,baja
NW,madrugada,13687,996,1548.0,0.0728,0.6434,-552.0,baja
F9,mañana,117179,12228,13567.6,0.1044,0.9013,-1339.6,baja
OH,tarde,280809,67404,68858.4,0.24,0.9789,-1454.4,baja
AS,noche,117941,32821,34814.8,0.2783,0.9427,-1993.8,baja
NW,mañana,458176,52737,55060.3,0.1151,0.9578,-2323.3,baja
KH,mañana,37036,1941,4609.0,0.0524,0.4211,-2668.0,baja
B6,mañana,209922,22717,25470.7,0.1082,0.8919,-2753.7,baja
FL,tarde,298991,70200,73096.7,0.2348,0.9604,-2896.7,baja
KH,noche,15653,981,4701.3,0.0627,0.2087,-3720.3,baja
CO,mañana,372279,40329,44097.8,0.1083,0.9145,-3768.8,baja
XE,mañana,489819,54801,58692.4,0.1119,0.9337,-3891.4,baja
YV,noche,185018,49763,54108.0,0.269,0.9197,-4345.0,baja
F9,tarde,85817,16828,21211.2,0.1961,0.7934,-4383.2,baja
F9,noche,77489,18552,23183.9,0.2394,0.8002,-4631.9,baja
KH,tarde,33488,3368,8076.1,0.1006,0.417,-4708.1,baja
HA,mañana,65630,2530,8334.8,0.0385,0.3035,-5804.8,baja
HA,noche,28142,1289,8406.3,0.0458,0.1533,-7117.3,baja
DL,noche,295468,77650,86373.4,0.2628,0.899,-8723.4,baja
9E,noche,97764,17060,29037.3,0.1745,0.5875,-11977.3,baja
FL,mañana,287329,24408,36681.4,0.0849,0.6654,-12273.4,baja
US,noche,345902,88070,100565.8,0.2546,0.8757,-12495.8,baja
HA,tarde,69633,4136,16897.9,0.0594,0.2448,-12761.9,baja
DL,mañana,584116,57528,70618.9,0.0985,0.8146,-13090.9,baja
NW,noche,243925,55816,71043.1,0.2288,0.7857,-15227.1,baja
OO,tarde,647376,142419,158009.9,0.22,0.9013,-15590.9,baja
US,tarde,487935,103583,119853.3,0.2123,0.8642,-16270.3,baja
9E,tarde,210911,34962,51649.8,0.1658,0.6769,-16687.8,baja
NW,tarde,463696,89945,112296.4,0.194,0.801,-22351.4,baja
DL,tarde,522961,103022,127861.5,0.197,0.8057,-24839.5,baja
OO,noche,332293,72621,99042.9,0.2185,0.7332,-26421.9,baja
WN,mañana,1373467,124932,166714.3,0.091,0.7494,-41782.3,baja
