rank,CustomerID,orders,units,revenue,returned_orders,returned_revenue,first_order,last_order,avg_ticket,return_rate,revenue_share
1,383,4,18,12157.31,1,3428.45,2022-03-01,2022-08-11,3039.33,0.25,0.0095
2,157,5,17,11836.95,3,5532.68,2022-03-23,2022-08-10,2367.39,0.6,0.0092
3,466,8,27,10623.11,4,2614.2,2022-01-17,2022-07-28,1327.89,0.5,0.0083
4,141,4,19,10253.65,1,2824.6,2022-01-04,2022-08-26,2563.41,0.25,0.008
5,160,5,20,9912.24,2,3487.0,2022-01-25,2022-08-24,1982.45,0.4,0.0077
6,4,7,22,9515.14,7,9515.14,2022-01-19,2022-08-06,1359.31,1.0,0.0074
7,205,4,16,9065.55,1,486.4,2022-01-12,2022-08-15,2266.39,0.25,0.0071
8,9,5,18,8867.89,2,2145.66,2022-01-09,2022-08-06,1773.58,0.4,0.0069
9,446,6,15,8265.82,6,8265.82,2022-03-25,2022-08-23,1377.64,1.0,0.0065
10,126,3,12,8088.8,2,4719.7,2022-02-14,2022-04-08,2696.27,0.6667,0.0063
11,40,4,16,8046.5,1,1841.68,2022-01-19,2022-07-30,2011.62,0.25,0.0063
12,396,4,15,8046.02,2,4921.41,2022-02-20,2022-05-22,2011.5,0.5,0.0063
13,97,5,17,8030.53,2,3003.1,2022-03-01,2022-07-12,1606.11,0.4,0.0063
14,418,5,16,7840.23,3,5658.0,2022-01-11,2022-08-20,1568.05,0.6,0.0061
15,444,4,14,7831.35,2,5368.92,2022-05-02,2022-06-15,1957.84,0.5,0.0061
16,360,3,12,7790.92,1,3529.75,2022-03-28,2022-08-02,2596.97,0.3333,0.0061
17,146,5,21,7653.01,3,5041.64,2022-01-10,2022-06-23,1530.6,0.6,0.006
18,341,5,15,7565.26,4,4502.06,2022-01-06,2022-06-08,1513.05,0.8,0.0059
19,10,4,16,7464.11,4,7464.11,2022-02-14,2022-03-20,1866.03,1.0,0.0058
20,379,4,12,7453.38,4,7453.38,2022-02-01,2022-07-04,1863.34,1.0,0.0058
