template_name,traffic_source,impressions,page_clicks,paid_clicks,blocked_clicks,revenue,ad_spend,gross_profit,ctr,roas,cpc,cpa,rpc,profit_margin
Flash Deal,Reddit Ads,19670,11735,9232,2503,42560.52307919367,13767.223539702713,28793.299539490956,0.5966,3.0914,1.4913,1.1732,4.6101,0.6765
Product Demo,LinkedIn Ads,17965,11593,9082,2511,39395.822996595474,13950.673387377701,25445.149609217777,0.6453,2.8239,1.5361,1.2034,4.3378,0.6459
Professional Development Course,LinkedIn Ads,18942,10101,7596,2505,37983.552126323615,14086.249899281685,23897.30222704193,0.5333,2.6965,1.8544,1.3945,5.0005,0.6291
Summer Sale,TikTok Ads,19022,12207,9694,2513,36913.44137027883,13420.396581127643,23493.04478915119,0.6417,2.7505,1.3844,1.0994,3.8079,0.6364
Summer Sale,Twitter Ads,15045,9194,7003,2191,33082.140399166456,10186.436253015409,22895.70414615105,0.6111,3.2477,1.4546,1.1079,4.724,0.6921
Product Demo,YouTube Ads,16325,10262,8072,2190,34226.51810604881,13211.327208085882,21015.19089796293,0.6286,2.5907,1.6367,1.2874,4.2402,0.614
Product Demo,Reddit Ads,14219,8940,7198,1742,31010.654977924405,10220.452143718605,20790.2028342058,0.6287,3.0342,1.4199,1.1432,4.3082,0.6704
Summer Sale,LinkedIn Ads,14243,8854,6936,1918,31501.415604532067,11065.28084377573,20436.134760756337,0.6216,2.8469,1.5953,1.2497,4.5417,0.6487
Flash Deal,TikTok Ads,14663,8538,6371,2167,32025.096613753612,11877.283131295928,20147.813482457685,0.5823,2.6963,1.8643,1.3911,5.0267,0.6291
Professional Development Course,YouTube Ads,15864,9239,7087,2152,30534.161315396934,11382.09934892061,19152.06196647632,0.5824,2.6826,1.6061,1.232,4.3085,0.6272
Summer Sale,Reddit Ads,13481,8641,6727,1914,28943.274317582116,9947.48742921189,18995.786888370225,0.641,2.9096,1.4787,1.1512,4.3026,0.6563
B2B Networking Event,Reddit Ads,12200,7870,5884,1986,28915.95489113089,9980.4107321447,18935.544158986188,0.6451,2.8973,1.6962,1.2682,4.9143,0.6548
B2B Networking Event,Facebook Ads,11261,7370,5763,1607,27089.07898754756,8169.165157650022,18919.91382989754,0.6545,3.316,1.4175,1.1084,4.7005,0.6984
Summer Sale,Facebook Ads,13593,7256,5328,1928,27716.040821568677,8882.550768084184,18833.490053484493,0.5338,3.1203,1.6671,1.2242,5.202,0.6795
Professional Development Course,Instagram Ads,13954,7455,5597,1858,27581.086709699717,8824.144089089034,18756.942620610684,0.5343,3.1256,1.5766,1.1837,4.9278,0.6801
Flash Deal,Twitter Ads,15055,8400,6162,2238,29838.929596715745,11360.37965637012,18478.549940345623,0.558,2.6266,1.8436,1.3524,4.8424,0.6193
Product Demo,TikTok Ads,13339,7676,5926,1750,27560.23656220562,9409.032354292072,18151.20420791355,0.5755,2.9291,1.5878,1.2258,4.6507,0.6586
B2B Networking Event,Instagram Ads,13734,8228,6175,2053,28237.32273674161,10672.950050808358,17564.372685933256,0.5991,2.6457,1.7284,1.2971,4.5728,0.622
B2B Networking Event,YouTube Ads,14718,8433,6380,2053,27862.73131483676,10438.6418177463,17424.08949709046,0.573,2.6692,1.6362,1.2378,4.3672,0.6254
Flash Deal,YouTube Ads,10723,6542,5094,1448,23782.402808555045,6795.252963721863,16987.14984483318,0.6101,3.4999,1.334,1.0387,4.6687,0.7143
Summer Sale,YouTube Ads,13858,8400,6766,1634,26672.056336911817,9826.994954778067,16845.06138213375,0.6061,2.7142,1.4524,1.1699,3.9421,0.6316
B2B Networking Event,LinkedIn Ads,12644,7771,6102,1669,25341.09068896139,9209.674760691007,16131.415928270386,0.6146,2.7516,1.5093,1.1851,4.1529,0.6366
Flash Deal,LinkedIn Ads,16282,9138,6612,2526,28789.11867972941,13086.642527069234,15702.476152660176,0.5612,2.1999,1.9792,1.4321,4.3541,0.5454
Professional Development Course,Twitter Ads,11721,6618,4976,1642,23814.79323592337,8287.792987073659,15527.000248849712,0.5646,2.8735,1.6656,1.2523,4.7859,0.652
B2B Networking Event,Twitter Ads,9393,6816,5250,1566,23222.124267064704,8323.251902327567,14898.872364737137,0.7256,2.79,1.5854,1.2211,4.4233,0.6416
Professional Development Course,Reddit Ads,12013,6564,4929,1635,24842.541142185957,10299.914856000321,14542.626286185636,0.5464,2.4119,2.0897,1.5692,5.0401,0.5854
B2B Networking Event,TikTok Ads,12087,6720,4978,1742,22768.779510870096,8495.973630241208,14272.805880628886,0.556,2.6799,1.7067,1.2643,4.5739,0.6269
Product Demo,Twitter Ads,12081,6942,5351,1591,23797.751199925162,9616.203226970983,14181.547972954177,0.5746,2.4748,1.7971,1.3852,4.4473,0.5959
Product Demo,Instagram Ads,14410,8023,5843,2180,25595.978146816822,11520.667734708366,14075.310412108456,0.5568,2.2217,1.9717,1.436,4.3806,0.5499
Summer Sale,Instagram Ads,14190,8358,6425,1933,23889.33376860967,10066.484082298997,13822.849686310674,0.589,2.3732,1.5668,1.2044,3.7182,0.5786
Flash Deal,Facebook Ads,9990,6342,4878,1464,21957.634802586912,8137.278083085606,13820.356719501306,0.6348,2.6984,1.6682,1.2831,4.5014,0.6294
Professional Development Course,TikTok Ads,12466,6930,5213,1717,22747.671973823897,9291.99369385063,13455.678279973268,0.5559,2.4481,1.7825,1.3408,4.3636,0.5915
Flash Deal,Instagram Ads,11244,6883,5318,1565,21771.09057706303,9067.817619824476,12703.272957238558,0.6121,2.4009,1.7051,1.3174,4.0938,0.5835
Product Demo,Facebook Ads,11204,5730,4305,1425,19160.695143546563,7654.725885722232,11505.969257824332,0.5114,2.5031,1.7781,1.3359,4.4508,0.6005
Professional Development Course,Facebook Ads,11030,5506,3882,1624,19381.318278213326,8056.708392928045,11324.609885285283,0.4992,2.4056,2.0754,1.4633,4.9926,0.5843
