country,mode,lines,quantity,value,lines_with_freight,freight_usd,late_lines,avg_delay_days,freight_pct_of_value,freight_coverage,late_rate,value_share
Afghanistan,Air,3,115,4617.35,2,1081.05,0,0.0,0.6227,0.6667,0.0,0.0
Angola,Air,5,3620,181600.0,5,30832.07,0,0.0,0.1698,1.0,0.0,0.0001
Angola,Truck,2,300,16800.0,2,1964.63,0,0.0,0.1169,1.0,0.0,0.0
Belize,Air,1,300,630.0,1,1959.61,0,-14.0,3.1105,1.0,0.0,0.0
Benin,Air,13,137349,787725.48,7,66015.17,3,2.38,0.101,0.5385,0.2308,0.0005
Botswana,Air,63,117497,1546999.21,58,133841.79,2,-2.84,0.0866,0.9206,0.0317,0.001
Botswana,Truck,4,1405,49900.0,1,1220.73,0,0.0,0.0848,0.25,0.0,0.0
Botswana,Sin dato,3,630,36000.0,3,2867.65,0,0.0,0.0797,1.0,0.0,0.0
Burkina Faso,Air,2,165,451.25,0,0.0,0,0.0,,0.0,0.0,0.0
Burundi,Air,98,203212,3351580.36,56,312042.32,38,-8.45,0.137,0.5714,0.3878,0.0021
Cameroon,Air,61,1201005,10644193.37,51,1435871.76,3,-0.2,0.1361,0.8361,0.0492,0.0065
Cameroon,Air Charter,14,589400,3984976.82,5,356479.73,4,-5.57,0.1907,0.3571,0.2857,0.0024
"Congo, DRC",Air,331,513546,5465586.35,104,699082.91,83,11.31,0.2517,0.3142,0.2508,0.0034
"Congo, DRC",Truck,2,5000,306750.0,0,0.0,0,0.0,,0.0,0.0,0.0002
Côte d'Ivoire,Air,682,5091144,61525853.95,485,3642499.46,71,-1.3,0.0796,0.7111,0.1041,0.0378
Côte d'Ivoire,Truck,278,5838421,47817434.63,166,2015601.84,62,-17.18,0.0731,0.5971,0.223,0.0294
Côte d'Ivoire,Sin dato,113,820136,8667751.93,71,297405.93,1,0.12,0.0544,0.6283,0.0088,0.0053
Côte d'Ivoire,Ocean,5,68973,2107215.86,3,105202.0,0,0.0,0.0773,0.6,0.0,0.0013
Côte d'Ivoire,Air Charter,5,79898,766244.52,4,31456.28,0,-36.0,0.1067,0.8,0.0,0.0005
Dominican Republic,Air,49,187739,3088876.79,27,245197.92,4,-11.27,0.1626,0.551,0.0816,0.0019
Dominican Republic,Truck,3,400,57600.0,1,666.66,0,0.0,0.0134,0.3333,0.0,0.0
Ethiopia,Air,194,2171646,17664900.11,163,1845342.72,12,-3.56,0.1219,0.8402,0.0619,0.0109
Ethiopia,Sin dato,18,374524,1018200.28,6,136068.02,0,0.0,0.4079,0.3333,0.0,0.0006
Ethiopia,Ocean,1,13703,460420.8,1,11729.82,0,0.0,0.0255,1.0,0.0,0.0003
Ethiopia,Truck,3,72,3477.48,1,505.0,0,0.0,0.9403,0.3333,0.0,0.0
Ghana,Air,43,1001105,5147621.55,39,512769.67,8,3.53,0.106,0.907,0.186,0.0032
Ghana,Truck,13,113882,750821.42,1,3975.7,0,-12.69,0.0257,0.0769,0.0,0.0005
Ghana,Ocean,2,181579,554838.13,2,36083.61,0,0.0,0.065,1.0,0.0,0.0003
Guatemala,Air,15,55467,655249.12,5,38494.98,2,-1.0,0.2416,0.3333,0.1333,0.0004
Guinea,Air,1,50,3600.0,1,1804.2,0,0.0,0.5012,1.0,0.0,0.0
Guyana,Air,229,184462,4215010.81,150,487938.77,24,-18.0,0.1377,0.655,0.1048,0.0026
Guyana,Sin dato,5,839,34784.0,4,2728.09,0,0.0,0.1144,0.8,0.0,0.0
Guyana,Truck,3,803,1826.66,1,3178.0,0,-34.0,8.8845,0.3333,0.0,0.0
Haiti,Air,560,3222348,27773861.99,357,3685689.12,61,-2.79,0.1958,0.6375,0.1089,0.0171
Haiti,Ocean,83,1997851,15089412.03,36,303720.94,0,0.0,0.0442,0.4337,0.0,0.0093
Haiti,Truck,6,4536,584375.0,0,0.0,1,1.17,,0.0,0.1667,0.0004
Haiti,Sin dato,2,610,47200.0,2,2759.74,0,0.0,0.0585,1.0,0.0,0.0
Haiti,Air Charter,4,635,7936.88,1,8329.13,0,-8.0,2.1352,0.25,0.0,0.0
Kazakhstan,Air,2,100,35000.0,0,0.0,0,0.0,,0.0,0.0,0.0
Kenya,Air,82,463278,30369909.98,77,1419913.31,14,1.8,0.0479,0.939,0.1707,0.0187
Kenya,Truck,29,107353,3561651.0,14,9098.33,0,-1.69,0.0076,0.4828,0.0,0.0022
Kyrgyzstan,Air,2,1000,79000.0,0,0.0,0,0.0,,0.0,0.0,0.0
Lebanon,Air,8,936,9.36,0,0.0,0,0.0,,0.0,0.0,0.0
Lesotho,Air,4,4618,253220.0,2,11651.41,0,0.0,0.0682,0.5,0.0,0.0002
Liberia,Air,6,1455,102840.0,6,19950.85,0,0.0,0.194,1.0,0.0,0.0001
Libya,Air,8,27251,164366.01,4,8361.17,1,-8.75,0.0741,0.5,0.125,0.0001
Malawi,Ocean,4,500000,5745000.0,4,80140.22,0,0.0,0.0139,1.0,0.0,0.0035
Malawi,Air,10,1640,109456.0,10,20279.91,0,0.0,0.1853,1.0,0.0,0.0001
Mali,Air,17,1941,146870.0,12,27663.9,0,0.0,0.1926,0.7059,0.0,0.0001
Mozambique,Truck,337,16196062,140569338.08,191,1598961.08,107,-2.09,0.0196,0.5668,0.3175,0.0864
Mozambique,Air,290,3026425,40128312.64,171,1622772.82,9,-0.2,0.0542,0.5897,0.031,0.0247
Mozambique,Ocean,4,29647,1327040.0,3,72387.16,0,0.0,0.056,0.75,0.0,0.0008
Namibia,Air,87,500744,5048938.21,76,432087.48,1,-0.17,0.0911,0.8736,0.0115,0.0031
Namibia,Truck,6,112314,774485.65,3,27063.05,0,-7.5,0.0469,0.5,0.0,0.0005
Namibia,Sin dato,2,600,33600.0,1,688.84,0,0.0,0.0718,0.5,0.0,0.0
Nigeria,Air Charter,608,28012687,238867577.26,396,7998308.92,71,-19.74,0.046,0.6513,0.1168,0.1468
Nigeria,Air,547,5821276,109873063.23,350,6181882.96,71,-2.21,0.0705,0.6399,0.1298,0.0675
Nigeria,Sin dato,36,118795,1376206.88,15,61909.64,0,-5.33,0.0824,0.4167,0.0,0.0008
Nigeria,Ocean,1,13334,152007.6,1,17096.24,0,0.0,0.1125,1.0,0.0,0.0001
Nigeria,Truck,2,1858,3249.9,2,9352.63,0,0.0,2.8778,1.0,0.0,0.0
Pakistan,Air,15,18106,1442540.0,8,106387.81,0,0.0,0.0741,0.5333,0.0,0.0009
Rwanda,Air,338,4500091,43353376.33,283,4723189.23,13,-4.16,0.1235,0.8373,0.0385,0.0266
Rwanda,Truck,71,2498468,16592595.04,47,526238.81,24,-11.13,0.0569,0.662,0.338,0.0102
Rwanda,Ocean,20,1854991,11178281.71,19,639694.39,0,0.0,0.0669,0.95,0.0,0.0069
Rwanda,Air Charter,1,1800,3330.0,1,4370.8,0,-81.0,1.3126,1.0,0.0,0.0
Senegal,Air,3,280,8864.0,2,1444.63,1,1.0,0.1667,0.6667,0.3333,0.0
Sierra Leone,Air,4,6400,379550.0,2,36498.53,0,0.0,0.1086,0.5,0.0,0.0002
South Africa,Ocean,229,18004326,76166521.77,193,1977517.93,65,9.84,0.0291,0.8428,0.2838,0.0468
South Africa,Air,230,4477793,24383275.04,94,509025.96,39,-48.75,0.0257,0.4087,0.1696,0.015
South Africa,Truck,905,498237,7905570.63,2,7043.41,10,-8.35,0.1,0.0022,0.011,0.0049
South Africa,Sin dato,42,15425,214778.03,0,0.0,1,-16.0,,0.0,0.0238,0.0001
South Sudan,Air,162,189718,2130903.43,58,248177.76,21,-1.08,0.3549,0.358,0.1296,0.0013
South Sudan,Truck,2,465,2253.3,1,1641.0,0,0.0,3.2271,0.5,0.0,0.0
Sudan,Air,46,5565,299338.4,43,64213.31,0,-0.52,0.28,0.9348,0.0,0.0002
Swaziland,Air,32,306399,3507485.85,22,169101.09,3,-5.12,0.0566,0.6875,0.0938,0.0022
Swaziland,Ocean,2,144155,2009158.0,2,25815.12,0,0.0,0.0128,1.0,0.0,0.0012
Swaziland,Truck,1,65000,649350.0,1,4971.05,0,-11.0,0.0077,1.0,0.0,0.0004
Tanzania,Air,306,5172297,61853908.37,260,3701303.52,15,-2.03,0.072,0.8497,0.049,0.038
Tanzania,Truck,187,6547864,57869090.66,135,917084.58,49,-8.89,0.0215,0.7219,0.262,0.0356
Tanzania,Ocean,6,490568,5900185.48,5,111674.24,0,0.0,0.0203,0.8333,0.0,0.0036
Tanzania,Sin dato,20,272265,3836311.14,12,97926.98,2,0.1,0.0325,0.6,0.1,0.0024
Togo,Air,3,13282,153781.24,2,12544.72,1,5.33,0.0819,0.6667,0.3333,0.0001
Uganda,Air,534,5883745,50035473.44,409,3553978.47,55,-4.79,0.0883,0.7659,0.103,0.0307
Uganda,Truck,229,5472415,42857395.43,142,1841359.45,43,-14.62,0.0618,0.6201,0.1878,0.0263
Uganda,Ocean,8,549043,3211444.51,7,82267.99,0,0.0,0.0439,0.875,0.0,0.002
Uganda,Sin dato,8,8914,93022.78,6,6686.33,0,0.0,0.1036,0.75,0.0,0.0001
Vietnam,Air,687,7102576,56933687.94,445,2735875.8,6,-0.31,0.0634,0.6477,0.0087,0.035
Vietnam,Truck,1,1968,40717.92,1,1401.49,0,-26.0,0.0344,1.0,0.0,0.0
Zambia,Truck,386,23375265,181261841.21,263,2712772.79,89,-8.33,0.0217,0.6813,0.2306,0.1114
Zambia,Air,195,2990918,40141320.95,170,2757825.26,19,-1.18,0.0741,0.8718,0.0974,0.0247
Zambia,Sin dato,99,2166828,24636456.75,81,775899.1,0,-0.57,0.0415,0.8182,0.0,0.0151
Zambia,Ocean,3,94528,949221.5,3,63940.06,0,-25.0,0.0674,1.0,0.0,0.0006
Zimbabwe,Truck,360,15010859,85705845.09,191,2181588.0,70,-15.66,0.0437,0.5306,0.1944,0.0527
Zimbabwe,Air,145,1286469,14293089.34,98,1534030.08,7,-1.94,0.1405,0.6759,0.0483,0.0088
Zimbabwe,Air Charter,18,795000,2742165.67,17,527163.62,0,-0.06,0.1973,0.9444,0.0,0.0017
Zimbabwe,Ocean,3,289053,1327196.4,3,63459.07,0,0.0,0.0478,1.0,0.0,0.0008
Zimbabwe,Sin dato,12,26333,371664.01,10,11760.09,0,0.0,0.0325,0.8333,0.0,0.0002
