country,lines,quantity,value,lines_with_freight,freight_usd,late_lines,avg_delay_days,freight_pct_of_value,freight_coverage,late_rate,value_share
Nigeria,1194,33967950,350272104.87,764,14268550.39,142,-11.22,0.0544,0.6399,0.1189,0.2152
Zambia,683,28627539,246988840.41,517,6310437.21,108,-5.23,0.0347,0.757,0.1581,0.1518
Mozambique,631,19252134,182024690.72,365,3294121.06,116,-1.21,0.0292,0.5784,0.1838,0.1118
Tanzania,519,12482994,129459495.65,412,4827989.32,66,-4.39,0.047,0.7938,0.1272,0.0795
Côte d'Ivoire,1083,11898572,120884500.89,729,6092165.51,134,-5.38,0.0757,0.6731,0.1237,0.0743
South Africa,1406,22995781,108670145.47,289,2493587.3,115,-12.22,0.0284,0.2055,0.0818,0.0668
Zimbabwe,538,17407714,104439960.51,319,4318000.86,77,-11.01,0.0662,0.5929,0.1431,0.0642
Uganda,779,11914117,96197336.16,564,5484292.24,98,-7.58,0.0762,0.724,0.1258,0.0591
Rwanda,430,8855350,71127583.08,350,5893493.23,37,-5.29,0.1033,0.814,0.086,0.0437
Vietnam,688,7104544,56974405.86,446,2737277.29,6,-0.35,0.0634,0.6483,0.0087,0.035
Haiti,655,5225980,43502785.9,396,4000498.93,62,-2.43,0.1554,0.6046,0.0947,0.0267
Kenya,111,570631,33931560.98,91,1429011.64,14,0.89,0.0463,0.8198,0.1261,0.0208
Ethiopia,216,2559945,19146998.67,171,1993645.56,12,-3.19,0.1251,0.7917,0.0556,0.0118
Cameroon,75,1790405,14629170.19,56,1792351.49,7,-1.2,0.1444,0.7467,0.0933,0.009
Ghana,58,1296566,6453281.1,42,552828.98,8,-0.22,0.0997,0.7241,0.1379,0.004
Swaziland,35,515554,6165993.85,25,199887.26,3,-5.0,0.0354,0.7143,0.0857,0.0038
Namibia,95,613658,5857023.86,80,459839.37,1,-0.63,0.0863,0.8421,0.0105,0.0036
Malawi,14,501640,5854456.0,14,100420.13,0,0.0,0.0172,1.0,0.0,0.0036
"Congo, DRC",333,518546,5772336.35,104,699082.91,83,11.24,0.2517,0.3123,0.2492,0.0035
Guyana,237,186104,4251621.47,155,493844.86,24,-17.82,0.1384,0.654,0.1013,0.0026
Burundi,98,203212,3351580.36,56,312042.32,38,-8.45,0.137,0.5714,0.3878,0.0021
Dominican Republic,52,188139,3146476.79,28,245864.58,4,-10.62,0.1578,0.5385,0.0769,0.0019
South Sudan,164,190183,2133156.73,59,249818.76,21,-1.07,0.357,0.3598,0.128,0.0013
Botswana,70,119532,1632899.21,62,137930.17,2,-2.56,0.0864,0.8857,0.0286,0.001
Pakistan,15,18106,1442540.0,8,106387.81,0,0.0,0.0741,0.5333,0.0,0.0009
Benin,13,137349,787725.48,7,66015.17,3,2.38,0.101,0.5385,0.2308,0.0005
Guatemala,15,55467,655249.12,5,38494.98,2,-1.0,0.2416,0.3333,0.1333,0.0004
Sierra Leone,4,6400,379550.0,2,36498.53,0,0.0,0.1086,0.5,0.0,0.0002
Sudan,46,5565,299338.4,43,64213.31,0,-0.52,0.28,0.9348,0.0,0.0002
Lesotho,4,4618,253220.0,2,11651.41,0,0.0,0.0682,0.5,0.0,0.0002
Angola,7,3920,198400.0,7,32796.7,0,0.0,0.1653,1.0,0.0,0.0001
Libya,8,27251,164366.01,4,8361.17,1,-8.75,0.0741,0.5,0.125,0.0001
Togo,3,13282,153781.24,2,12544.72,1,5.33,0.0819,0.6667,0.3333,0.0001
Mali,17,1941,146870.0,12,27663.9,0,0.0,0.1926,0.7059,0.0,0.0001
Liberia,6,1455,102840.0,6,19950.85,0,0.0,0.194,1.0,0.0,0.0001
Kyrgyzstan,2,1000,79000.0,0,0.0,0,0.0,,0.0,0.0,0.0
Kazakhstan,2,100,35000.0,0,0.0,0,0.0,,0.0,0.0,0.0
Senegal,3,280,8864.0,2,1444.63,1,1.0,0.1667,0.6667,0.3333,0.0
Afghanistan,3,115,4617.35,2,1081.05,0,0.0,0.6227,0.6667,0.0,0.0
Guinea,1,50,3600.0,1,1804.2,0,0.0,0.5012,1.0,0.0,0.0
Belize,1,300,630.0,1,1959.61,0,-14.0,3.1105,1.0,0.0,0.0
Burkina Faso,2,165,451.25,0,0.0,0,0.0,,0.0,0.0,0.0
Lebanon,8,936,9.36,0,0.0,0,0.0,,0.0,0.0,0.0
