month,lines,quantity,value,lines_with_freight,freight_usd,late_lines,avg_delay_days,freight_pct_of_value,freight_coverage,late_rate,value_share,value_mom_change
2006-05,2,75,2109.7,2,1149.05,0,0.0,0.5447,1.0,0.0,0.0,
2006-06,2,166,11627.45,2,2596.91,0,0.0,0.2233,1.0,0.0,0.0,4.5114
2006-07,3,50506,129900.0,1,1039.5,0,-23.0,0.4331,0.3333,0.0,0.0001,10.1718
2006-08,6,94019,692401.0,4,49150.58,0,0.0,0.2431,0.6667,0.0,0.0004,4.3303
2006-09,18,85948,1033271.96,12,103007.4,0,0.0,0.106,0.6667,0.0,0.0006,0.4923
2006-10,6,4128,295606.55,6,23625.95,0,0.0,0.0799,1.0,0.0,0.0002,-0.7139
2006-11,10,63347,824847.8,9,36722.4,0,0.0,0.0451,0.9,0.0,0.0005,1.7904
2006-12,18,164949,1854747.98,7,69726.94,0,0.0,0.06,0.3889,0.0,0.0011,1.2486
2007-01,21,56846,1603591.45,13,65896.17,0,-17.62,0.0517,0.619,0.0,0.001,-0.1354
2007-02,22,116119,1892783.57,11,104401.32,0,0.0,0.2954,0.5,0.0,0.0012,0.1803
2007-03,36,408443,2984829.02,24,241323.68,3,1.72,0.1238,0.6667,0.0833,0.0018,0.577
2007-04,44,260737,3363039.31,32,131272.9,0,0.0,0.0587,0.7273,0.0,0.0021,0.1267
2007-05,56,412842,6272744.73,41,250885.72,1,-1.07,0.0504,0.7321,0.0179,0.0039,0.8652
2007-06,56,496704,5824123.95,35,163371.46,0,0.0,0.041,0.625,0.0,0.0036,-0.0715
2007-07,57,335369,5127265.59,44,226363.9,0,0.0,0.0605,0.7719,0.0,0.0032,-0.1197
2007-08,81,755716,7230555.3,54,355823.34,4,1.06,0.0727,0.6667,0.0494,0.0044,0.4102
2007-09,93,762109,8212968.38,39,366183.5,0,0.0,0.0997,0.4194,0.0,0.005,0.1359
2007-10,58,325153,3998394.81,36,291833.31,1,0.29,0.1034,0.6207,0.0172,0.0025,-0.5132
2007-11,79,792021,8533389.83,48,410071.33,0,-0.71,0.0709,0.6076,0.0,0.0052,1.1342
2007-12,68,562102,4592542.23,48,332896.93,2,0.57,0.0786,0.7059,0.0294,0.0028,-0.4618
2008-01,123,731133,8867422.06,54,484196.34,5,-2.72,0.0651,0.439,0.0407,0.0054,0.9308
2008-02,73,861892,8329648.49,42,288255.27,1,-4.03,0.0541,0.5753,0.0137,0.0051,-0.0606
2008-03,90,1090126,9053502.55,56,490721.67,2,-0.04,0.0744,0.6222,0.0222,0.0056,0.0869
2008-04,113,682762,6462579.43,50,322054.21,4,-1.18,0.0747,0.4425,0.0354,0.004,-0.2862
2008-05,78,536198,6890415.43,37,210185.76,2,-31.08,0.0342,0.4744,0.0256,0.0042,0.0662
2008-06,79,931528,7598639.96,48,292446.37,0,-2.27,0.0462,0.6076,0.0,0.0047,0.1028
2008-07,103,1381628,14515821.41,66,559952.27,2,-1.24,0.0555,0.6408,0.0194,0.0089,0.9103
2008-08,78,1197969,10915167.96,47,317300.05,0,-2.23,0.0387,0.6026,0.0,0.0067,-0.2481
2008-09,90,1367589,14912400.47,52,586099.41,0,-3.52,0.0579,0.5778,0.0,0.0092,0.3662
2008-10,92,794901,10199178.04,58,856137.26,0,-35.16,0.133,0.6304,0.0,0.0063,-0.3161
2008-11,116,992100,11316702.7,62,585160.97,0,-32.54,0.065,0.5345,0.0,0.007,0.1096
2008-12,73,512051,4481202.51,38,309328.43,0,-51.44,0.0991,0.5205,0.0,0.0028,-0.604
2009-01,82,482806,4406047.74,35,302147.74,0,-36.54,0.0971,0.4268,0.0,0.0027,-0.0168
2009-02,60,829128,8935623.61,33,256796.29,0,-8.55,0.0337,0.55,0.0,0.0055,1.028
2009-03,98,1010421,11156581.43,65,485046.68,0,-0.53,0.0507,0.6633,0.0,0.0069,0.2486
2009-04,121,770414,12941576.69,49,344383.84,1,-22.31,0.0372,0.405,0.0083,0.008,0.16
2009-05,66,607271,9272885.21,42,378481.02,0,-1.5,0.0458,0.6364,0.0,0.0057,-0.2835
2009-06,110,1254029,14052693.08,69,447264.17,1,-1.26,0.0409,0.6273,0.0091,0.0086,0.5155
2009-07,72,442034,4987649.32,42,280187.75,3,-10.74,0.0601,0.5833,0.0417,0.0031,-0.6451
2009-08,125,1063115,15851738.85,59,404799.36,14,-3.65,0.0294,0.472,0.112,0.0097,2.1782
2009-09,98,1694927,17560556.22,68,483497.54,2,0.29,0.036,0.6939,0.0204,0.0108,0.1078
2009-10,159,1378509,14175542.07,82,651218.78,9,-0.25,0.0621,0.5157,0.0566,0.0087,-0.1928
2009-11,88,701374,7812037.33,55,380932.2,0,-7.3,0.0617,0.625,0.0,0.0048,-0.4489
2009-12,113,1179240,10537624.27,72,552753.99,14,-7.33,0.0607,0.6372,0.1239,0.0065,0.3489
2010-01,68,615994,6899986.52,59,468173.36,7,-6.69,0.0756,0.8676,0.1029,0.0042,-0.3452
2010-02,46,348195,5555926.54,36,406078.61,5,-9.04,0.0822,0.7826,0.1087,0.0034,-0.1948
2010-03,198,1819192,15509275.0,102,874943.75,8,-10.76,0.113,0.5152,0.0404,0.0095,1.7915
2010-04,68,669659,6028056.4,44,387838.04,1,-14.66,0.0988,0.6471,0.0147,0.0037,-0.6113
2010-05,136,1643817,15016168.34,96,812018.0,11,-6.97,0.0645,0.7059,0.0809,0.0092,1.491
2010-06,160,2783393,23223795.9,72,580082.38,18,-9.91,0.0461,0.45,0.1125,0.0143,0.5466
2010-07,68,1881313,11907069.0,56,511318.41,5,-6.4,0.0498,0.8235,0.0735,0.0073,-0.4873
2010-08,116,1846307,13758738.25,84,741040.59,21,-3.68,0.0595,0.7241,0.181,0.0085,0.1555
2010-09,71,1300426,12132115.6,49,502886.25,7,-12.23,0.0675,0.6901,0.0986,0.0075,-0.1182
2010-10,54,1820571,13092413.91,34,435857.51,29,6.52,0.0473,0.6296,0.537,0.008,0.0792
2010-11,89,2103925,15446519.71,55,621730.94,24,3.96,0.0623,0.618,0.2697,0.0095,0.1798
2010-12,102,3378005,22590770.71,73,778734.01,38,4.13,0.0421,0.7157,0.3725,0.0139,0.4625
2011-01,51,1345274,7626146.66,32,360557.48,14,2.49,0.0505,0.6275,0.2745,0.0047,-0.6624
2011-02,97,3084034,19125453.47,59,665829.57,23,3.67,0.0496,0.6082,0.2371,0.0118,1.5079
2011-03,101,3812774,23299727.27,71,794563.5,25,3.59,0.0479,0.703,0.2475,0.0143,0.2183
2011-04,68,2513902,14818765.44,59,418738.57,10,-2.0,0.0315,0.8676,0.1471,0.0091,-0.364
2011-05,74,2342298,17584761.74,59,545627.28,37,8.99,0.0348,0.7973,0.5,0.0108,0.1867
2011-06,107,1612276,10807911.1,68,604697.78,40,5.23,0.0826,0.6355,0.3738,0.0066,-0.3854
2011-07,91,2017343,20167737.21,79,1085697.43,34,4.54,0.0603,0.8681,0.3736,0.0124,0.866
2011-08,69,1275673,11987501.78,53,677853.08,14,-5.77,0.0834,0.7681,0.2029,0.0074,-0.4056
2011-09,136,6074577,44273902.4,106,1223740.56,20,-4.18,0.0328,0.7794,0.1471,0.0272,2.6933
2011-10,89,2331929,17455964.67,74,884949.49,14,-9.69,0.0618,0.8315,0.1573,0.0107,-0.6057
2011-11,83,3447562,19836052.81,73,736684.85,12,-5.87,0.0391,0.8795,0.1446,0.0122,0.1363
2011-12,83,2485253,22415159.75,64,901805.42,7,-18.84,0.0526,0.7711,0.0843,0.0138,0.13
2012-01,73,1858543,10090828.25,67,514196.57,13,-8.86,0.0551,0.9178,0.1781,0.0062,-0.5498
2012-02,164,2919404,23141228.23,85,819288.24,8,-31.77,0.0479,0.5183,0.0488,0.0142,1.2933
2012-03,122,1870984,19082106.48,81,913703.29,14,-7.77,0.0644,0.6639,0.1148,0.0117,-0.1754
2012-04,88,2995923,24337825.52,59,681754.43,10,-11.89,0.0383,0.6705,0.1136,0.015,0.2754
2012-05,106,1548504,15564813.59,54,532261.11,23,-4.14,0.0519,0.5094,0.217,0.0096,-0.3605
2012-06,103,2394085,16546982.43,75,768762.68,1,-26.88,0.0674,0.7282,0.0097,0.0102,0.0631
2012-07,105,3153500,29454126.19,82,1144741.65,12,-9.76,0.0458,0.781,0.1143,0.0181,0.78
2012-08,100,2535520,24260833.9,77,1413668.06,5,-11.85,0.0754,0.77,0.05,0.0149,-0.1763
2012-09,73,1778538,11780208.36,51,859318.04,2,-17.01,0.0937,0.6986,0.0274,0.0072,-0.5144
2012-10,143,3433898,25723680.39,92,1283830.79,9,-7.91,0.0704,0.6434,0.0629,0.0158,1.1836
2012-11,85,1971722,20007279.42,70,1198385.32,7,-5.72,0.0656,0.8235,0.0824,0.0123,-0.2222
2012-12,91,2458297,20309662.19,59,916410.47,3,-2.51,0.075,0.6484,0.033,0.0125,0.0151
2013-01,55,718783,8930967.78,42,494236.85,6,-9.22,0.0668,0.7636,0.1091,0.0055,-0.5603
2013-02,98,2676909,20993589.57,55,1065776.69,9,-2.08,0.0788,0.5612,0.0918,0.0129,1.3507
2013-03,123,1980205,15442232.9,73,880392.86,14,-15.29,0.0896,0.5935,0.1138,0.0095,-0.2644
2013-04,160,1938383,15819965.93,76,692615.59,16,-3.78,0.0567,0.475,0.1,0.0097,0.0245
2013-05,104,3014709,23874505.44,76,861984.24,13,-17.49,0.0428,0.7308,0.125,0.0147,0.5091
2013-06,59,1078765,10340647.48,44,456218.56,11,-2.0,0.0566,0.7458,0.1864,0.0064,-0.5669
2013-07,96,2238273,23502272.83,62,739951.57,14,-6.34,0.0541,0.6458,0.1458,0.0144,1.2728
2013-08,98,1890763,14966153.33,61,1032392.52,36,14.4,0.0943,0.6224,0.3673,0.0092,-0.3632
2013-09,125,2530641,21870720.41,88,1627755.47,15,-4.86,0.0995,0.704,0.12,0.0134,0.4613
2013-10,113,2930553,25546042.25,85,1238095.59,14,-5.2,0.057,0.7522,0.1239,0.0157,0.168
2013-11,134,3728595,31359186.61,104,1572725.46,34,-1.32,0.058,0.7761,0.2537,0.0193,0.2276
2013-12,75,870381,9209161.88,57,853751.44,14,-5.43,0.1007,0.76,0.1867,0.0057,-0.7063
2014-01,124,2673581,28001960.33,73,1024574.62,10,0.3,0.0601,0.5887,0.0806,0.0172,2.0407
2014-02,178,3297171,31580615.35,74,1275507.64,61,17.19,0.0502,0.4157,0.3427,0.0194,0.1278
2014-03,81,1776818,15513291.58,57,725949.18,11,-3.52,0.1083,0.7037,0.1358,0.0095,-0.5088
2014-04,125,2253454,21675697.62,65,961412.81,26,-6.37,0.065,0.52,0.208,0.0133,0.3972
2014-05,96,3259936,28228152.02,63,925440.36,21,-5.08,0.0423,0.6562,0.2188,0.0173,0.3023
2014-06,151,4958457,34687662.78,102,1587217.08,26,-10.35,0.0677,0.6755,0.1722,0.0213,0.2288
2014-07,107,2833666,25916671.55,76,1059605.56,15,-10.12,0.0542,0.7103,0.1402,0.0159,-0.2529
2014-08,236,1424215,14419051.44,61,549282.64,9,-2.31,0.055,0.2585,0.0381,0.0089,-0.4436
2014-09,135,2242982,16351960.5,87,1093895.79,43,3.96,0.0785,0.6444,0.3185,0.01,0.1341
2014-10,153,3103995,24858305.95,92,802103.66,30,-4.03,0.0521,0.6013,0.1961,0.0153,0.5202
2014-11,115,1515033,8924468.65,50,493452.85,9,1.73,0.0664,0.4348,0.0783,0.0055,-0.641
2014-12,72,1870466,15514002.61,39,546660.68,7,-7.33,0.0453,0.5417,0.0972,0.0095,0.7384
2015-01,94,2121903,19655893.36,50,744262.82,3,-12.6,0.0507,0.5319,0.0319,0.0121,0.267
2015-02,127,3158076,24665383.93,64,1016280.15,30,-0.75,0.052,0.5039,0.2362,0.0152,0.2549
2015-03,123,4481998,38192808.11,68,1054964.44,29,-3.88,0.052,0.5528,0.2358,0.0235,0.5484
2015-04,104,3031725,26413540.31,59,896126.32,3,-13.09,0.044,0.5673,0.0288,0.0162,-0.3084
2015-05,137,3347388,33091342.94,56,990528.18,6,-6.7,0.0461,0.4088,0.0438,0.0203,0.2528
2015-06,100,2866818,24973255.97,43,705313.86,10,-3.66,0.0474,0.43,0.1,0.0153,-0.2453
2015-07,170,1302480,12289553.96,32,203976.67,20,0.89,0.0804,0.1882,0.1176,0.0076,-0.5079
2015-08,121,2263591,18539307.35,6,80940.09,19,-3.42,0.164,0.0496,0.157,0.0114,0.5085
2015-09,21,171323,1662612.0,0,0.0,0,0.0,,0.0,0.0,0.001,-0.9103
