rank,country,lines,value,late_lines,late_value,avg_delay_days,freight_usd,late_rate,late_value_share,freight_coverage,priority
1,Mozambique,631,182024690.72,116,53259611.47,-1.21,3294121.06,0.1838,0.2056,0.5784,alta
2,Nigeria,1194,350272104.87,142,49758109.31,-11.22,14268550.39,0.1189,0.1921,0.6399,alta
3,Zambia,683,246988840.41,108,33453393.04,-5.23,6310437.21,0.1581,0.1291,0.757,alta
4,South Africa,1406,108670145.47,115,24787632.4,-12.22,2493587.3,0.0818,0.0957,0.2055,media
5,Tanzania,519,129459495.65,66,19606062.44,-4.39,4827989.32,0.1272,0.0757,0.7938,alta
6,Côte d'Ivoire,1083,120884500.89,134,17476127.74,-5.38,6092165.51,0.1237,0.0675,0.6731,alta
7,Uganda,779,96197336.16,98,16871823.08,-7.58,5484292.24,0.1258,0.0651,0.724,alta
8,Zimbabwe,538,104439960.51,77,16211086.21,-11.01,4318000.86,0.1431,0.0626,0.5929,alta
9,Rwanda,430,71127583.08,37,7206078.09,-5.29,5893493.23,0.086,0.0278,0.814,media
10,Kenya,111,33931560.98,14,5669739.0,0.89,1429011.64,0.1261,0.0219,0.8198,media
11,Haiti,655,43502785.9,62,4774703.99,-2.43,4000498.93,0.0947,0.0184,0.6046,media
12,Cameroon,75,14629170.19,7,1850897.7,-1.2,1792351.49,0.0933,0.0071,0.7467,baja
13,"Congo, DRC",333,5772336.35,83,1683272.31,11.24,699082.91,0.2492,0.0065,0.3123,media
14,Ethiopia,216,19146998.67,12,1191425.51,-3.19,1993645.56,0.0556,0.0046,0.7917,baja
15,Ghana,58,6453281.1,8,1122544.75,-0.22,552828.98,0.1379,0.0043,0.7241,media
16,Burundi,98,3351580.36,38,811652.12,-8.45,312042.32,0.3878,0.0031,0.5714,media
17,Vietnam,688,56974405.86,6,663910.4,-0.35,2737277.29,0.0087,0.0026,0.6483,media
18,Namibia,95,5857023.86,1,643807.83,-0.63,459839.37,0.0105,0.0025,0.8421,baja
19,Botswana,70,1632899.21,2,414256.5,-2.56,137930.17,0.0286,0.0016,0.8857,baja
20,Guyana,237,4251621.47,24,249712.24,-17.82,493844.86,0.1013,0.001,0.654,baja
21,South Sudan,164,2133156.73,21,171132.02,-1.07,249818.76,0.128,0.0007,0.3598,media
22,Dominican Republic,52,3146476.79,4,134436.97,-10.62,245864.58,0.0769,0.0005,0.5385,baja
