Author,Documents,Percentage
Tagliaro C.,8,1.98
Kim J.,7,1.73
Pomè A.P.,7,1.73
Rogers D.,5,1.23
Maalsen S.,5,1.23
Adilieme C.M.,5,1.23
Abidoye R.B.,5,1.23
Lee C.L.,5,1.23
Crager S.E.,4,0.99
Kasim R.S.R.,3,0.74
Worzala E.,3,0.74
Wolifson P.,3,0.74
Fields D.,3,0.74
Wang D.,3,0.74
Rimmer M.,3,0.74
May M.,3,0.74
Ullah F.,3,0.74
Zhang Y.,3,0.74
Kassner A.J.,3,0.74
Ariffin W.N.M.,2,0.49
Kozenkov V.M.,2,0.49
Belyaev V.V.,2,0.49
Chausov D.N.,2,0.49
Wyman D.,2,0.49
Liu W.,2,0.49
Padmanabhan S.,2,0.49
Amin T.,2,0.49
Sampat B.,2,0.49
Cook-Deegan R.,2,0.49
Chandrasekharan S.,2,0.49
Wang X.,2,0.49
Liu J.,2,0.49
Sun J.,2,0.49
Lee S.,2,0.49
Hülsenberg D.,2,0.49
Harnisch A.,2,0.49
Jakob C.,2,0.49
Straube B.,2,0.49
Sepasgozar S.M.E.,2,0.49
Maududy C.F.,2,0.49
Gamal A.,2,0.49
Phan T.,2,0.49
Lim H.,2,0.49
Han Y.,2,0.49
Lee D.,2,0.49
Hwang J.-H.,2,0.49
Starr C.W.,2,0.49
Liu H.,2,0.49
Kurzrock B.-M.,2,0.49
Yam S.,2,0.49
Susilawati C.,2,0.49
Blake A.,2,0.49
Ramadan M.F.,2,0.49
Seiler M.J.,2,0.49
Asensio-Soto J.C.,2,0.49
Navarro-Astor E.,2,0.49
Ahiadu A.A.,2,0.49
Alamoudi A.K.,2,0.49
Krass Ya.R.,2,0.49
Vigren O.,2,0.49
Zhu B.,2,0.49
Oksanen A.,2,0.49
Li X.,2,0.49
Yang Y.,2,0.49
Tang W.,2,0.49
Humber N.J.,2,0.49
Jasimin T.H.,2,0.49
Wang F.,2,0.49
Oladiran O.,2,0.49
Ciaramella G.,2,0.49
Sadowski J.,2,0.49
Poleg D.,2,0.49
Pande S.S.,1,0.25
Mandolikar S.,1,0.25
Shitole S.,1,0.25
Daftary D.,1,0.25
Jack M.,1,0.25
Salengke S.,1,0.25
Hasizah A.,1,0.25
Reta,1,0.25
Mochtar A.A.,1,0.25
Yu X.,1,0.25
Zhang D.,1,0.25
He D.,1,0.25
Ocampo J.,1,0.25
Deerasamee O.,1,0.25
Chaisawadi S.,1,0.25
Migozzi J.,1,0.25
Korologos C.,1,0.25
Herman M.A.,1,0.25
Yenkie K.M.,1,0.25
Burnham S.,1,0.25
Dailey J.,1,0.25
Cabezas H.,1,0.25
Friedler F.,1,0.25
Thayer A.M.,1,0.25
Spakhov A.A.,1,0.25
Eskandarpour P.,1,0.25
Clayton J.,1,0.25
Fabozzi F.J.,1,0.25
Giliberto S.M.,1,0.25
Gordon J.N.,1,0.25
Liang Y.,1,0.25
Mackinnon G.,1,0.25
Mansour A.,1,0.25
Tan Z.,1,0.25
Miller N.G.,1,0.25
Mancuso P.,1,0.25
Walter Alexander,1,0.25
Chandra S.,1,0.25
Elrashidi A.,1,0.25
Purushotham S.,1,0.25
Karthick C.,1,0.25
Manogna D.,1,0.25
Dinesh M.,1,0.25
Feth M.,1,0.25
Bouasabah M.,1,0.25
Dagani R.,1,0.25
Taylor N.J.,1,0.25
Halsey M.,1,0.25
Gaitán-Solís E.,1,0.25
Anderson P.,1,0.25
Gichuki S.,1,0.25
Miano D.,1,0.25
Bua A.,1,0.25
Alicai T.,1,0.25
Fauquet C.M.,1,0.25
Brown C.G.,1,0.25
Rushing F.W.,1,0.25
Lesniewski P.J.,1,0.25
Zainal Abidin N.N.,1,0.25
Basrah N.,1,0.25
Rahim N.A.,1,0.25
Payumo J.G.,1,0.25
Assem S.,1,0.25
Bhooshan N.,1,0.25
Galhena H.,1,0.25
Mbabazi R.,1,0.25
Maredia K.,1,0.25
Correia J.,1,0.25
Vieira L.,1,0.25
Rodriguez-Fernandez N.,1,0.25
Romero J.,1,0.25
Machado P.,1,0.25
Muhammad M.Z.,1,0.25
Azman W.F.A.C.,1,0.25
Hasbolah H.,1,0.25
Abdul Rahim Merican R.M.B.,1,0.25
Valverde A.,1,0.25
González J.A.,1,0.25
Sevilla F.,1,0.25
Calderón-Ferrey M.,1,0.25
Jiménez G.,1,0.25
Monge-Ureña S.,1,0.25
Araya-Zúñiga I.,1,0.25
González R.,1,0.25
Cho Y.,1,0.25
Phelps C.,1,0.25
Wood G.A.,1,0.25
Smith S.J.,1,0.25
Vifor R.O.J.,1,0.25
Cao W.,1,0.25
Bouchareb N.,1,0.25
Bruce M.,1,0.25
Solomon M.,1,0.25
Sudheendranath C.S.,1,0.25
Deilmann C.,1,0.25
Then D.,1,0.25
Tochaiwat K.,1,0.25
Budda A.,1,0.25
Seniwong P.,1,0.25
Radu O.-M.,1,0.25
Dragomir V.D.,1,0.25
Kazarov S.A.,1,0.25
Adediran A.O.,1,0.25
Mohd Aini A.,1,0.25
Ajibade S.M.,1,0.25
Cocola-Gant A.,1,0.25
Janoschka M.,1,0.25
Cheruiyot K.,1,0.25
Gamede L.,1,0.25
Lord W.,1,0.25
Udpa S.,1,0.25
Harris R.S.,1,0.25
Ylanen H.O.,1,0.25
Nguyen B.M.A.,1,0.25
Duong T.K.,1,0.25
Nguyen T.L.,1,0.25
Tran H.C.,1,0.25
Lee P.-C.,1,0.25
Liu P.-J.,1,0.25
Lavy S.,1,0.25
Kintzi K.,1,0.25
Nilsson D.,1,0.25
Karpouzoglou T.,1,0.25
Wallin J.,1,0.25
Blomkvist P.,1,0.25
Golzar F.,1,0.25
Martin V.,1,0.25
Mo Y.,1,0.25
Dai C.,1,0.25
Chen Y.,1,0.25
Yang N.,1,0.25
Tang Y.,1,0.25
Joo M.-J.,1,0.25
Le N.-B.-V.,1,0.25
Huh J.-H.,1,0.25
Ko H.-J.,1,0.25
Liu Y.,1,0.25
Watkins N.,1,0.25
Ehart J.,1,0.25
Tapia J.,1,0.25
Ebbert A.,1,0.25
Siochi E.J.,1,0.25
Cano R.J.,1,0.25
Wincheski R.A.,1,0.25
Ratcliffe J.G.,1,0.25
Jensen B.D.,1,0.25
Wise K.E.,1,0.25
Kim J.-W.,1,0.25
Sauti G.,1,0.25
Czabaj M.,1,0.25
Raju V.,1,0.25
Wahab D.A.,1,0.25
Amoozegar A.,1,0.25
Jia P.,1,0.25
Bo C.,1,0.25
Hu L.,1,0.25
Zhou J.,1,0.25
Zhou Y.,1,0.25
Wang C.,1,0.25
Cummings A.S.,1,0.25
Dan T.,1,0.25
Camelia L.,1,0.25
Lupsa S.-R.,1,0.25
Horia-Dan A.,1,0.25
Wan Rodi W.N.,1,0.25
Mohd Yusof N.S.,1,0.25
Mohd Arif N.A.,1,0.25
Al-Turjman F.,1,0.25
Zekri M.,1,0.25
Kumar A.,1,0.25
Katiyar J.K.,1,0.25
Bird M.G.,1,0.25
Yang C.,1,0.25
Sun S.,1,0.25
Wei H.,1,0.25
Zhao L.L.,1,0.25
Yao P.,1,0.25
Wei T.X.,1,0.25
Liu S.,1,0.25
Xing H.F.,1,0.25
Bagby J.W.,1,0.25
Rutschman A.S.,1,0.25
Kausar F.,1,0.25
Asif H.M.,1,0.25
Hussain S.,1,0.25
Mumtaz S.,1,0.25
Alyassi A.M.A.A.,1,0.25
Zakaria N.,1,0.25
Boge K.,1,0.25
Mui Ling Dyana C.,1,0.25
Hamid R.,1,0.25
Lajuni N.,1,0.25
Suki N.M.,1,0.25
Fahad A.M.,1,0.25
Ahmed A.A.,1,0.25
Kahar M.N.M.,1,0.25
Vilha A.M.,1,0.25
Ferreira F.D.,1,0.25
Baltazar L.F.,1,0.25
de Medeiros D.M.R.,1,0.25
Suen A.,1,0.25
Fornies S.,1,0.25
Wofford L.E.,1,0.25
Gong S.,1,0.25
Zhu R.,1,0.25
Wen F.,1,0.25
Duan B.,1,0.25
Zhang C.,1,0.25
Oza V.J.,1,0.25
Nikte A.,1,0.25
Bhanushali V.,1,0.25
Rote U.,1,0.25
Miao L.-D.,1,0.25
Wang G.-D.,1,0.25
Gao J.-Q.,1,0.25
Wu J.-F.,1,0.25
Kesan J.,1,0.25
White T.,1,0.25
Huang F.,1,0.25
Rothenbusch J.,1,0.25
Schütz K.,1,0.25
Fellenz S.,1,0.25
TSCHENTKE G,1,0.25
Nguyen B.T.,1,0.25
Doan T.T.N.,1,0.25
Huynh S.T.,1,0.25
Tran K.Q.,1,0.25
Nguyen A.T.,1,0.25
Le A.T.-H.,1,0.25
Tran A.M.,1,0.25
Ho N.,1,0.25
Nguyen T.T.,1,0.25
Huynh D.T.,1,0.25
Huamin W.,1,0.25
Fuling B.,1,0.25
Huang C.-T.,1,0.25
Hsu M.-F.,1,0.25
Rabby F.,1,0.25
Chimhundu R.,1,0.25
Hassan R.,1,0.25
Talbi M.A.,1,0.25
Leguefche A.E.,1,0.25
Belguidoum M.,1,0.25
Seriai A.-D.,1,0.25
Richardson D.,1,0.25
Rhodes C.L.,1,0.25
Roman O.V.,1,0.25
Panteleenko F.I.,1,0.25
Reut O.P.,1,0.25
Shmuradko V.T.,1,0.25
Kirshina N.V.,1,0.25
Zhilevich A.V.,1,0.25
Katsumata G.,1,0.25
Motohashi E.,1,0.25
Soundararaj B.,1,0.25
Pettit C.,1,0.25
Lock O.,1,0.25
Katz Manfred,1,0.25
Narendrakumar C.,1,0.25
Pradeep M.,1,0.25
Rajeswaran N.,1,0.25
Samrajlawrence T.,1,0.25
Choi M.,1,0.25
Ryu G.,1,0.25
Van Huy P.,1,0.25
Shaw J.,1,0.25
Rogers P.A.,1,0.25
Ding H.,1,0.25
Moussa Ayoub T.E.,1,0.25
Rohn S.,1,0.25
Arcuri N.,1,0.25
De Ruggiero M.,1,0.25
Salvo F.,1,0.25
Zinno R.,1,0.25
BIELY W.A.,1,0.25
PINCZUK L.S.,1,0.25
NIEWIEROW A.S.,1,0.25
MICHNIEWICZ A.S.,1,0.25
KUPCZINOW B.I.,1,0.25
Outay F.,1,0.25
Kammoun F.,1,0.25
Kaisser F.,1,0.25
Atiquzzaman M.,1,0.25
Anderson J.T.,1,0.25
Fuerst F.,1,0.25
Peiser R.B.,1,0.25
Hamza Z.S.,1,0.25
Trincado-Munoz F.,1,0.25
van Meeteren M.,1,0.25
Rubin T.H.,1,0.25
Vorley T.,1,0.25
McElroy E.,1,0.25
Mogaji E.,1,0.25
Wirtz J.,1,0.25
Belk R.W.,1,0.25
Dwivedi Y.K.,1,0.25
Boyd S.,1,0.25
Shirowzhan S.,1,0.25
Davis S.,1,0.25
Migliore A.,1,0.25
Danivska V.,1,0.25
Moro M.F.,1,0.25
de Souza Mendonça A.K.,1,0.25
de Andrade D.F.,1,0.25
Jiang X.-W.,1,0.25
Soulis S.,1,0.25
Konstantopoulos G.,1,0.25
Koumoulos E.P.,1,0.25
Charitidis C.A.,1,0.25
Sinisterra R.D.,1,0.25
Speziali M.G.,1,0.25
Guimarães P.P.G.,1,0.25
Da Silva A.M.,1,0.25
Prepilkova V.,1,0.25
Poništ J.,1,0.25
Schwarz M.,1,0.25
Samešová D.,1,0.25
Gillespie C.,1,0.25
Hinson C.,1,0.25
Ylänen H.,1,0.25
Mansfield E.,1,0.25
Stucki P.,1,0.25
Bangura M.,1,0.25
Oyedokun T.B.,1,0.25
Appukuttan S.,1,0.25
Jayan J.S.,1,0.25
Sethulekshmi A.S.,1,0.25
Kadefors A.,1,0.25
Eriksson K.,1,0.25
Dmitriev S.S.,1,0.25
Korolev I.S.,1,0.25
Venker N.T.,1,0.25
Epstein K.,1,0.25
Venker M.,1,0.25
Kanawka K.,1,0.25
Drewczynski W.,1,0.25
Mickiewicz M.,1,0.25
Korybut-Kotulewski A.,1,0.25
Leonowicz W.,1,0.25
Jarosz M.,1,0.25
Bukar A.A.,1,0.25
Rahman M.S.A.,1,0.25
Jagun Z.T.,1,0.25
Samsudin S.,1,0.25
Akande O.K.,1,0.25
Cajias M.,1,0.25
Cvetkovic A.,1,0.25
Savolainen I.,1,0.25
Koike M.,1,0.25
Baffour Awuah K.G.,1,0.25
Bijimi C.K.,1,0.25
Ogbonda U.J.,1,0.25
Rodima-Taylor D.,1,0.25
Krasnyi B.L.,1,0.25
Tarasovskii V.P.,1,0.25
Krasnyi A.B.,1,0.25
Adrov O.I.,1,0.25
Muckenhaupt J.,1,0.25
Kaschell P.,1,0.25
Lee J.,1,0.25
Lee K.O.,1,0.25
Almeida N.,1,0.25
Meyer V.,1,0.25
Burnet A.,1,0.25
Boucher J.,1,0.25
Talens-Perales D.,1,0.25
Pereira S.,1,0.25
Ihalainen P.,1,0.25
Levée T.,1,0.25
Polaina J.,1,0.25
Petit-Conil M.,1,0.25
Camarero S.,1,0.25
Pinto P.,1,0.25
Ali W.,1,0.25
Samarasinghe D.A.S.,1,0.25
Feng Z.,1,0.25
Wilkinson S.,1,0.25
Rotimi J.O.B.,1,0.25
St-Hilaire C.,1,0.25
Bozkuş Kahyaoğlu S.,1,0.25
Eltweri A.,1,0.25
Faccia A.,1,0.25
Khassawneh O.,1,0.25
Bian F.,1,0.25
Li L.,1,0.25
Xia Y.,1,0.25
Lei H.,1,0.25
Zhang W.,1,0.25
Che T.,1,0.25
Kang J.,1,0.25
Fan S.,1,0.25
Mulholland C.,1,0.25
Hughes J.,1,0.25
Samuel F.,1,0.25
Ong S.E.,1,0.25
Wong W.C.,1,0.25
Lai C.P.,1,0.25
Kumar B.R.,1,0.25
Granholm S.,1,0.25
Mohanty S.S.,1,0.25
Pathak S.,1,0.25
Florida R.,1,0.25
Adler P.,1,0.25
King K.,1,0.25
Mellander C.,1,0.25
Adegoriola M.I.,1,0.25
Veuger J.,1,0.25
Przhedetsky L.,1,0.25
Wang H.,1,0.25
Ye Y.,1,0.25
Li W.,1,0.25
Wang Z.,1,0.25
Fleming J.,1,0.25
Rousseau W.,1,0.25
Zebregs M.,1,0.25
van Driel C.,1,0.25
Bulguchev M.,1,0.25
Yusupova M.,1,0.25
Schwochow S.,1,0.25
Kaur V.,1,0.25
Pinsky E.,1,0.25
Shu G.,1,0.25
Huo Y.,1,0.25
Tian H.,1,0.25
Yu G.,1,0.25
Zhao M.,1,0.25
Weber R.,1,0.25
Ramírez-Araujo H.,1,0.25
Gaytán-Martínez M.,1,0.25
Reyes-Vega M.L.,1,0.25
Syed A.M.,1,0.25
Li Z.,1,0.25
Zhu S.,1,0.25
Ouyang Z.,1,0.25
Zhu Z.,1,0.25
Lyu Q.,1,0.25
Mesa‐pedrazas Á.,1,0.25
Torrado J.M.,1,0.25
Palomares‐linares I.,1,0.25
Duque‐calvache R.,1,0.25
Elgezeery A.,1,0.25
Shalaby M.,1,0.25
Elansary A.,1,0.25
Hric J.,1,0.25
Lin Y.,1,0.25
Husain M.F.H.,1,0.25
Razali M.N.,1,0.25
Jamaludin A.F.,1,0.25
Zakaria S.R.A.,1,0.25
Yassin A.M.,1,0.25
Nazrin A.H.,1,0.25
Hamid M.Y.,1,0.25
Cho A.,1,0.25
Cimalla V.,1,0.25
Pezoldt J.,1,0.25
Ambacher O.,1,0.25
Ribičić M.,1,0.25
Dickins L.,1,0.25
Guevara M.,1,0.25
Duziak D.,1,0.25
Celani A.,1,0.25
Abdellah W.R.,1,0.25
Kim J.-G.,1,0.25
Hassan M.M.A.,1,0.25
Ali M.A.M.,1,0.25
Wrottesley A.,1,0.25
AbdulKader M.M.,1,0.25
Kumar S.G.,1,0.25
Nyström R.,1,0.25
Lindgren R.,1,0.25
Avagyan R.,1,0.25
Westerholm R.,1,0.25
Lundstedt S.,1,0.25
Boman C.,1,0.25
Adejumo A.O.,1,0.25
Adeosun J.O.,1,0.25
Makinde O.,1,0.25
Ayodele T.O.,1,0.25
Stratonova L.,1,0.25
Riedl M.J.,1,0.25
Lukito J.,1,0.25
Woolley S.C.,1,0.25
Payne W.,1,0.25
Knuth S.,1,0.25
Mahmoudi D.,1,0.25
Sunguroğlu E.,1,0.25
Sevgen S.C.,1,0.25
Ülger M.,1,0.25
Mills D.J.,1,0.25
Gotsill D.,1,0.25
Benjamin J.D.,1,0.25
Jud G.D.,1,0.25
Roth K.A.,1,0.25
Winkler D.T.,1,0.25
Siniak N.,1,0.25
Kauko T.,1,0.25
Shavrov S.,1,0.25
Marina N.,1,0.25
Daryono R.W.,1,0.25
Yolando A.P.,1,0.25
Jaedun A.,1,0.25
Hidayat N.,1,0.25
Monsanto C.,1,0.25
Andriole S.J.,1,0.25
Lauterbach-Dammler I.,1,0.25
Lefrank P.,1,0.25
Furia P.,1,0.25
Khandare A.,1,0.25
Borges A.F.,1,0.25
Silva C.,1,0.25
Coelho J.F.J.,1,0.25
Simões S.,1,0.25
Blakey P.,1,0.25
Sailer K.,1,0.25
Thomas M.,1,0.25
Pachilova R.,1,0.25
Lambrinos T.,1,0.25
Sun X.,1,0.25
Wu M.,1,0.25
Lazović T.,1,0.25
Ljubojević P.,1,0.25
Trišović N.,1,0.25
Trišović Z.,1,0.25
Hashem T.,1,0.25
Alotoum F.J.,1,0.25
Allan M.,1,0.25
Ali N.,1,0.25
Tork N.,1,0.25
Amirkhani A.,1,0.25
Shokouhi S.B.,1,0.25
Sunmoni A.,1,0.25
Ajayi S.,1,0.25
Guo J.,1,0.25
Abbas M.A.,1,0.25
Arya V.,1,0.25
Naganathahalli P.,1,0.25
Shukla S.,1,0.25
Cordero-Díaz M.C.,1,0.25
Castro-Silva H.F.,1,0.25
Rodríguez-Cañas G.A.,1,0.25
Janda B.W.,1,0.25
Shrestha P.,1,0.25
Gurran N.,1,0.25
Nasreen Z.,1,0.25
Klosterkamp S.,1,0.25
Cowan T.,1,0.25
Hackworth P.,1,0.25
Xiang Y.,1,0.25
Jiang Q.,1,0.25
Zhou W.,1,0.25
Li X.-H.,1,0.25
Li M.-Z.,1,0.25
Li J.-Y.,1,0.25
Gao Y.-Y.,1,0.25
Liu C.-R.,1,0.25
Hao G.-F.,1,0.25
Kwon Y.,1,0.25
Lv Z.,1,0.25
Ying C.,1,0.25
Chen J.,1,0.25
Pérez-Calvo M.,1,0.25
Shen Y.Z.,1,0.25
Ploythanachai P.,1,0.25
Taeshapotiwarakun C.,1,0.25
Tananpang C.,1,0.25
Kim H.,1,0.25
Lee M.,1,0.25
Argelich Comelles C.,1,0.25
Mikhailov N.N.,1,0.25
Herbæk L.K.,1,0.25
Hansen C.E.D.,1,0.25
Clemmensen T.,1,0.25
Bittini J.S.,1,0.25
Rambaud S.C.,1,0.25
Pascual J.L.,1,0.25
Moro-Visconti R.,1,0.25
Parmentola A.,1,0.25
Simoni M.,1,0.25
Tutore I.,1,0.25
Prakash A.,1,0.25
Sridhar S.B.,1,0.25
Wali A.F.,1,0.25
Talath S.,1,0.25
Shareef J.,1,0.25
Malviya R.,1,0.25
Kim T.G.,1,0.25
Shim H.C.,1,0.25
Kim J.H.,1,0.25
Jia X.,1,0.25
Gu J.,1,0.25
Nikonorov N.V.,1,0.25
Aseev V.A.,1,0.25
Harrison D.M.,1,0.25
Yang L.,1,0.25
Ciaramella A.,1,0.25
Tariq M.U.,1,0.25
Moore A.,1,0.25
Giannoni C.,1,0.25
Kirby N.,1,0.25
Doffman N.,1,0.25
Cruz Rambaud S.,1,0.25
López Pascual J.,1,0.25
Mäntymäki M.,1,0.25
Salmela H.,1,0.25
Turunen M.,1,0.25
Rai K.N.,1,0.25
Gowda C.L.L.,1,0.25
Reddy B.V.S.,1,0.25
Sehgal S.,1,0.25
Cohen V.,1,0.25
Kiaulakis A.,1,0.25
Vilutienė T.,1,0.25
Christofi M.,1,0.25
Soukhteh Kolaee A.S.,1,0.25
Ghaffari R.,1,0.25
Ahmadian Divkoti M.M.,1,0.25
Mestrovic D.,1,0.25
Miculinic L.,1,0.25
de la Cal A.S.,1,0.25
Raya A.M.,1,0.25
Morales-Alonso G.,1,0.25
Zahari Wan Yusoff W.,1,0.25
Ismail M.,1,0.25
Newell G.,1,0.25
Tiwari P.,1,0.25
Shukla J.,1,0.25
Dryjanski M.,1,0.25
Buczkowski M.,1,0.25
Ould-Cheikh-Mouhamedou Y.,1,0.25
Kliks A.,1,0.25
Banaitiene N.,1,0.25
Cataldo I.,1,0.25
Banaitis A.,1,0.25
Saiz A.,1,0.25
Grechanyuk N.I.,1,0.25
Osokin V.A.,1,0.25
Grechanyuk I.N.,1,0.25
Minakova R.V.,1,0.25
Croissant J.L.,1,0.25
Rhoades G.,1,0.25
Slaughter S.,1,0.25
Xiong C.,1,0.25
Cheung K.S.,1,0.25
Levy D.S.,1,0.25
Allen M.,1,0.25
Benduch D.,1,0.25
Adiga S.,1,0.25
Hemalatha K.G.,1,0.25
Desai B.,1,0.25
Ichsan Ali M.,1,0.25
Arfandi A.,1,0.25
Lopa A.T.,1,0.25
Miftah Fauzan M.,1,0.25
Mascia L.,1,0.25
Davies I.,1,0.25
Dimmock J.,1,0.25
Barlow J.,1,0.25
Zapata L.,1,0.25
Castelein J.,1,0.25
Mercier J.P.,1,0.25
Fripiat J.J.,1,0.25
van Meerbeck A.,1,0.25
de la Faille M.,1,0.25
van Russelt M.,1,0.25
Parks F.J.,1,0.25
Daykin C.W.,1,0.25
Heron G.F.,1,0.25
Hugget R.,1,0.25
Liu X.W.,1,0.25
Qi X.W.,1,0.25
Ghalandar T.,1,0.25
Skazlić M.,1,0.25
Tomičić I.,1,0.25
Albnian A.A.,1,0.25
Alhafnawi M.F.A.,1,0.25
Ante L.,1,0.25
Wazinski F.-P.,1,0.25
Saggu A.,1,0.25
Raab M.,1,0.25
Akgerman A.,1,0.25
Orlandini G.,1,0.25
Temby O.,1,0.25
O'Connor R.,1,0.25
Kovalova E.,1,0.25
Vartiak L.,1,0.25
Mamala A.,1,0.25
Grzebinoga J.,1,0.25
Kwaśniewski P.,1,0.25
Kiesiewicz G.,1,0.25
Ściȩzor W.,1,0.25
Nowak A.,1,0.25
Kordaszewski S.,1,0.25
Kowal R.,1,0.25
Zasadzińska M.,1,0.25
Makhlouf Y.,1,0.25
Azzamouri A.,1,0.25
Bonaldo G.G.,1,0.25
Nogueira P.F.,1,0.25
Torovets T.,1,0.25
da Silva T.F.,1,0.25
Núñez-Barriopedro E.,1,0.25
Ramírez-Orellana A.,1,0.25
Ou W.,1,0.25
Ryghaug M.,1,0.25
Ornetzeder M.,1,0.25
Skjølsvold T.M.,1,0.25
Throndsen W.,1,0.25
Wang G.-Y.,1,0.25
Hua Z.,1,0.25
Asami Y.,1,0.25
Anon,1,0.25
"Xu Y., Sr.",1,0.25
Lo M.Y.,1,0.25
Yiu K.M.,1,0.25
Alshater M.M.,1,0.25
Hanif W.,1,0.25
El Khoury R.,1,0.25
Mensi W.,1,0.25
Setchkova M.,1,0.25
Fithri P.,1,0.25
Hasan A.,1,0.25
Games D.,1,0.25
Syafrizal S.,1,0.25
Viriato J.C.,1,0.25
Wainwright T.,1,0.25
Kaur T.,1,0.25
Solomon P.,1,0.25
Sato G.,1,0.25
Nishiyama H.,1,0.25
Goudie I.S.,1,0.25
Göppinger S.,1,0.25
Luque J.,1,0.25
Marcato G.,1,0.25
Mete M.O.,1,0.25
Coaracy G.R.,1,0.25
Mattarocci G.,1,0.25
Scimone X.,1,0.25
Ansari A.,1,0.25
Singh V.V.,1,0.25
Gupta A.K.,1,0.25
Souza L.A.,1,0.25
Koroleva O.,1,0.25
Martin C.,1,0.25
Becker A.,1,0.25
Derrick N.,1,0.25
Salehi M.,1,0.25
Adibian M.S.,1,0.25
Khansalar E.,1,0.25
MERIGOLD P.A.,1,0.25
Saginor J.,1,0.25
Louzada F.,1,0.25
de Lacerda K.J.C.C.,1,0.25
Ferreira P.H.,1,0.25
Gomes N.D.,1,0.25
Salami M.A.,1,0.25
Tanrıvermiş H.,1,0.25
Tanrıvermiş Y.,1,0.25
Saull A.,1,0.25
Baum A.,1,0.25
Braesemann F.,1,0.25
Budov V.V.,1,0.25
Egorova L.S.,1,0.25
Deepa B.G.,1,0.25
Senthil S.,1,0.25
Zaiba S.,1,0.25
Danish D.S.,1,0.25
Tripathi K.,1,0.25
Bruno A.,1,0.25
Guo X.,1,0.25
Levi O.,1,0.25
Prudenziati M.,1,0.25
Hormadaly J.,1,0.25
Al-haimi B.,1,0.25
Khalid H.,1,0.25
Zakaria N.H.,1,0.25
Pogrebnjak A.D.,1,0.25
Krivets A.S.,1,0.25
Shaimardanov Zh.K.,1,0.25
Syrnev B.V.,1,0.25
Plotnikov S.V.,1,0.25
Maksakova O.V.,1,0.25
Karmakar B.,1,0.25
Halder G.,1,0.25
Ouchlif A.,1,0.25
Kabba O.,1,0.25
Guendour M.,1,0.25
Hajji H.,1,0.25
Aitelkadi K.,1,0.25
Arreortua L.A.S.,1,0.25
Barrero-Rescalvo M.,1,0.25
Dudkin M.S.,1,0.25
Shchelkunov L.F.,1,0.25
Altankhuyag A.,1,0.25
Brown S.,1,0.25
Huang J.,1,0.25
Zou Z.,1,0.25
Sasani Babak S.,1,0.25
Malaekeh S.,1,0.25
Atalla S.,1,0.25
Gawanmeh A.,1,0.25
Tarapiah S.,1,0.25
Chandrate S.,1,0.25
Dharkar S.,1,0.25
Nehete P.,1,0.25
Patani N.,1,0.25
Seethanathan I.,1,0.25
Naeem N.,1,0.25
Rana I.A.,1,0.25
Nasir A.R.,1,0.25
Punetha A.,1,0.25
Saraswat S.,1,0.25
Rai J.P.N.,1,0.25
Hammervold R.,1,0.25
Kvarme T.W.,1,0.25
Oust A.,1,0.25
Stefansen B.,1,0.25
Sønstebø O.J.,1,0.25
Solazzo G.,1,0.25
Elia G.,1,0.25
Passiante G.,1,0.25
Samonte M.J.C.,1,0.25
Dacalaño N.B.,1,0.25
Esguerra C.J.M.,1,0.25
Potestades R.A.P.,1,0.25
Jiang Z.,1,0.25
Rai A.,1,0.25
Sun H.,1,0.25
Nie C.,1,0.25
Hu Y.,1,0.25
Doherty P.,1,0.25
Deipenbrock G.,1,0.25
Natva A.K.,1,0.25
Sunkara S.,1,0.25
Pai R.R.,1,0.25
Croccolo D.,1,0.25
Kakde V.,1,0.25
Jagtap S.,1,0.25
Baxi S.,1,0.25
Laxane T.,1,0.25
Kapse M.,1,0.25
Patil T.,1,0.25
Patel S.,1,0.25
Shah S.,1,0.25
Thacker R.,1,0.25
Gonge S.,1,0.25
Joshi R.,1,0.25
Kotecha K.,1,0.25
Agrawal R.,1,0.25
Dhore M.,1,0.25
Manahov V.,1,0.25
Li M.,1,0.25
Hauser S.,1,0.25
Oparina I.B.,1,0.25
Kolmakov A.G.,1,0.25
Fehrmann R.,1,0.25
Santini C.,1,0.25
Wen H.,1,0.25
Signorini M.,1,0.25
Ekman P.,1,0.25
Raggio R.D.,1,0.25
Thompson S.,1,0.25
Jolivet V.,1,0.25
Alba-Carmichael M.,1,0.25
Eden H.,1,0.25
Hensse J.,1,0.25
Müller V.,1,0.25
Porter L.,1,0.25
Landau-Ward A.,1,0.25
Kitchin R.,1,0.25
Dawkins O.,1,0.25
Young G.,1,0.25
Bates L.K.,1,0.25
Litmanovich A.D.,1,0.25
Tupikova N.N.,1,0.25
Murray S.,1,0.25
Deng H.,1,0.25
Nejad E.,1,0.25
Comelles C.A.,1,0.25
Bellintani S.,1,0.25
Latif S.N.F.A.,1,0.25
Nawawi A.H.,1,0.25
Wahab M.A.,1,0.25
Aranha E.A.,1,0.25
Carvalho S.,1,0.25
Krygina A.M.,1,0.25
Krygina N.M.,1,0.25
Vanetta A.,1,0.25
Hu M.R.,1,0.25
Kuang W.,1,0.25
Shi Y.,1,0.25
Olivares-Tenorio M.-L.,1,0.25
Cortes-Prieto C.-M.,1,0.25
Londoño-Univio N.-C.,1,0.25
Rojas-Díaz D.-A.,1,0.25
Quintanilla-Carvajal M.-X.,1,0.25
Tibaquira-Perez L.-N.,1,0.25
Ricaurte-Puentes L.-Y.,1,0.25
Rada-Bula A.-I.,1,0.25
Romero H.-M.,1,0.25
Garcia-Nuñez J.-A.,1,0.25
Shatan N.,1,0.25
Newman K.,1,0.25
Crosby Donald G.,1,0.25
Roark M.L.,1,0.25
Fox O’Mahony L.,1,0.25
Harth C.,1,0.25
Maqbool R.,1,0.25
Gledson B.,1,0.25
Mihna F.K.H.,1,0.25
Sallal H.A.,1,0.25
Al-Seedi L.A.E.,1,0.25
Al-Tameemi H.A.,1,0.25
Habeeb M.A.,1,0.25
Khaleel Y.L.,1,0.25
Mohammed D.A.,1,0.25
Bawa A.S.,1,0.25
Anilakumar K.R.,1,0.25
Kuo T.-Y.,1,0.25
Shih Y.-C.,1,0.25
Lee Y.-C.,1,0.25
Chang H.-H.,1,0.25
Hsiao Z.-C.,1,0.25
Chiang C.-W.,1,0.25
Li S.-M.,1,0.25
Hwang Y.-J.,1,0.25
Ko C.-T.,1,0.25
Chen Y.-H.,1,0.25
Deepak R.,1,0.25
Shiva Kumar V.,1,0.25
Venkatagiri J.,1,0.25
Suhasini N.,1,0.25
Keerthana P.,1,0.25
Dalal Y.M.,1,0.25
Luna S.M.,1,0.25
Xu J.,1,0.25
Tigwell G.W.,1,0.25
Papangelis K.,1,0.25
Ehrenberg M.,1,0.25
Sivie N.,1,0.25
McKay J.,1,0.25
Guo Q.-W.,1,0.25
Cai H.-N.,1,0.25
Wang F.-C.,1,0.25
Cheng X.-W.,1,0.25
Wang S.-C.,1,0.25
Fan Q.-B.,1,0.25
Wad A.,1,0.25
Béchaux S.,1,0.25
Ehlinger-Martin A.,1,0.25
Panzini M.I.,1,0.25
Gesheva K.A.,1,0.25
Dimova-Malinovska D.,1,0.25
Marshall J.M.,1,0.25
Maud J.M.,1,0.25
Latikka R.,1,0.25
Bergdahl J.,1,0.25
Savela N.,1,0.25
