Country,Documents,Percentage
United States,75,18.52
United Kingdom,39,9.63
China,36,8.89
Australia,31,7.65
India,27,6.67
Germany,18,4.44
Italy,18,4.44
Spain,16,3.95
Malaysia,15,3.7
Russian Federation,13,3.21
South Korea,13,3.21
United Arab Emirates,10,2.47
Canada,8,1.98
France,7,1.73
Finland,7,1.73
Sweden,7,1.73
Indonesia,6,1.48
Netherlands,6,1.48
Brazil,6,1.48
Thailand,5,1.23
Poland,5,1.23
Portugal,5,1.23
Japan,5,1.23
Jordan,4,0.99
Morocco,4,0.99
Egypt,4,0.99
Singapore,4,0.99
South Africa,4,0.99
Norway,4,0.99
New Zealand,4,0.99
Turkey,4,0.99
Iran,4,0.99
Saudi Arabia,3,0.74
Viet Nam,3,0.74
Taiwan,3,0.74
Hong Kong,3,0.74
Hungary,2,0.49
Algeria,2,0.49
Romania,2,0.49
Oman,2,0.49
Belarus,2,0.49
Tunisia,2,0.49
Iraq,2,0.49
Slovakia,2,0.49
Nigeria,2,0.49
Mexico,2,0.49
Colombia,2,0.49
Denmark,2,0.49
Lithuania,2,0.49
Croatia,2,0.49
Pakistan,2,0.49
Costa Rica,1,0.25
Cyprus,1,0.25
Greece,1,0.25
Belgium,1,0.25
Bahrain,1,0.25
Slovenia,1,0.25
North Macedonia,1,0.25
Serbia,1,0.25
Austria,1,0.25
Lebanon,1,0.25
Israel,1,0.25
Ukraine,1,0.25
Kazakhstan,1,0.25
Palestine,1,0.25
Philippines,1,0.25
Ireland,1,0.25
Bulgaria,1,0.25
