,proptech,real estate,blockchain,artificial intelligence,machine learning,housing,technology,fintech,digital transformation,digitalization,innovation,real estate technology,technology transfer,property technology,intellectual property,metaverse,smart contracts,big data,malaysia,property,technology adoption,financialization,australia,sustainability,covid-19,property management,algorithms,automation,digital real estate,commercial real estate,venture capital,digitization,platforms,smart real estate,real estate innovation,bibliometric analysis,internet of things,open innovation,barriers,platform real estate
proptech,84,11,5,7,5,8,4,9,2,7,4,4,0,1,0,1,0,5,0,1,3,2,3,2,2,2,2,1,0,3,3,2,2,0,3,0,2,0,1,0
real estate,11,27,4,3,1,1,3,1,2,4,1,1,0,2,0,2,1,1,1,0,2,1,0,0,0,0,0,0,0,1,2,0,1,0,1,2,0,0,1,0
blockchain,5,4,18,2,1,0,1,0,0,2,0,1,0,1,0,4,6,0,0,0,0,0,0,0,0,0,0,0,1,1,0,0,0,0,0,0,0,0,1,0
artificial intelligence,7,3,2,17,5,0,2,1,1,1,1,1,0,1,0,2,1,1,0,0,0,0,0,0,0,1,2,0,0,0,0,0,1,0,0,1,1,0,0,0
machine learning,5,1,1,5,14,0,1,2,0,0,0,0,0,0,0,1,1,0,0,0,0,0,0,0,0,0,0,0,0,0,0,1,0,0,0,1,0,0,0,0
housing,8,1,0,0,0,13,1,2,0,0,0,0,0,0,0,0,0,0,0,1,0,1,0,0,0,0,1,1,0,0,1,0,0,0,0,0,0,0,0,1
technology,4,3,1,2,1,1,13,0,0,1,1,0,0,0,1,2,0,0,0,4,0,0,1,0,0,0,0,1,0,0,0,0,0,0,1,0,1,0,0,0
fintech,9,1,0,1,2,2,0,12,0,0,1,1,0,0,0,0,0,1,0,1,1,1,0,0,0,1,0,0,0,0,1,0,0,0,0,0,0,0,0,1
digital transformation,2,2,0,1,0,0,0,0,11,0,1,2,0,1,1,0,0,1,2,0,0,0,0,0,0,0,0,0,0,0,0,0,0,1,0,1,2,0,0,0
digitalization,7,4,2,1,0,0,1,0,0,11,1,0,0,1,0,1,0,0,0,0,0,0,0,1,0,1,0,0,0,0,0,0,0,0,0,0,0,0,1,0
innovation,4,1,0,1,0,0,1,1,1,1,11,0,2,1,1,0,0,0,1,1,0,0,0,1,0,0,0,0,0,0,0,0,0,0,0,0,1,0,0,0
real estate technology,4,1,1,1,0,0,0,1,2,0,0,10,0,1,0,0,1,2,0,1,0,0,0,0,0,0,0,0,0,1,1,0,0,0,2,0,1,0,0,0
technology transfer,0,0,0,0,0,0,0,0,0,0,2,0,7,0,5,0,0,0,0,0,0,0,0,0,0,0,0,0,0,0,0,0,0,0,0,1,0,2,0,0
property technology,1,2,1,1,0,0,0,0,1,1,1,1,0,7,1,0,1,0,0,0,0,0,0,0,0,0,1,0,0,0,0,0,0,0,1,0,1,0,0,0
intellectual property,0,0,0,0,0,0,1,0,1,0,1,0,5,1,7,0,0,0,0,0,0,0,0,0,0,0,0,1,0,0,0,0,0,0,0,1,1,2,0,0
metaverse,1,2,4,2,1,0,2,0,0,1,0,0,0,0,0,7,1,0,1,0,0,0,0,0,0,0,0,0,2,0,0,0,0,0,0,0,0,0,0,0
smart contracts,0,1,6,1,1,0,0,0,0,0,0,1,0,1,0,1,6,0,0,0,0,0,0,0,0,0,0,0,0,0,0,0,0,0,0,0,0,0,0,0
big data,5,1,0,1,0,0,0,1,1,0,0,2,0,0,0,0,0,6,0,0,0,0,0,0,0,0,0,0,0,1,1,0,0,0,1,0,1,0,0,0
malaysia,0,1,0,0,0,0,0,0,2,0,1,0,0,0,0,1,0,0,5,0,0,0,0,0,0,0,0,0,0,0,0,0,0,0,0,0,0,0,0,0
property,1,0,0,0,0,1,4,1,0,0,1,1,0,0,0,0,0,0,0,5,0,0,0,0,0,0,0,0,0,0,0,0,0,0,0,0,1,0,0,0
technology adoption,3,2,0,0,0,0,0,1,0,0,0,0,0,0,0,0,0,0,0,0,5,0,0,0,0,0,0,0,0,0,0,0,0,1,0,0,0,0,0,0
financialization,2,1,0,0,0,1,0,1,0,0,0,0,0,0,0,0,0,0,0,0,0,5,0,0,0,0,0,0,0,0,0,1,1,0,0,0,0,0,0,2
australia,3,0,0,0,0,0,1,0,0,0,0,0,0,0,0,0,0,0,0,0,0,0,4,0,0,0,0,0,0,0,0,0,0,0,0,0,0,0,0,1
sustainability,2,0,0,0,0,0,0,0,0,1,1,0,0,0,0,0,0,0,0,0,0,0,0,4,0,0,0,0,0,0,0,0,0,0,0,0,0,0,0,0
covid-19,2,0,0,0,0,0,0,0,0,0,0,0,0,0,0,0,0,0,0,0,0,0,0,0,4,0,0,0,0,0,0,0,0,0,0,0,0,0,0,0
property management,2,0,0,1,0,0,0,1,0,1,0,0,0,0,0,0,0,0,0,0,0,0,0,0,0,4,0,1,0,0,0,0,0,0,0,0,0,0,0,0
algorithms,2,0,0,2,0,1,0,0,0,0,0,0,0,1,0,0,0,0,0,0,0,0,0,0,0,0,4,1,0,0,0,0,1,0,0,0,0,0,0,0
automation,1,0,0,0,0,1,1,0,0,0,0,0,0,0,1,0,0,0,0,0,0,0,0,0,0,1,1,4,0,1,0,0,0,0,0,0,0,0,0,0
digital real estate,0,0,1,0,0,0,0,0,0,0,0,0,0,0,0,2,0,0,0,0,0,0,0,0,0,0,0,0,4,0,0,0,0,0,0,0,0,0,0,0
commercial real estate,3,1,1,0,0,0,0,0,0,0,0,1,0,0,0,0,0,1,0,0,0,0,0,0,0,0,0,1,0,4,1,0,0,0,1,0,0,0,0,0
venture capital,3,2,0,0,0,1,0,1,0,0,0,1,0,0,0,0,0,1,0,0,0,0,0,0,0,0,0,0,0,1,4,0,0,0,1,0,0,0,0,0
digitization,2,0,0,0,1,0,0,0,0,0,0,0,0,0,0,0,0,0,0,0,0,1,0,0,0,0,0,0,0,0,0,4,2,0,0,0,0,0,0,1
platforms,2,1,0,1,0,0,0,0,0,0,0,0,0,0,0,0,0,0,0,0,0,1,0,0,0,0,1,0,0,0,0,2,4,0,0,0,0,0,0,1
smart real estate,0,0,0,0,0,0,0,0,1,0,0,0,0,0,0,0,0,0,0,0,1,0,0,0,0,0,0,0,0,0,0,0,0,4,0,1,0,0,0,0
real estate innovation,3,1,0,0,0,0,1,0,0,0,0,2,0,1,0,0,0,1,0,0,0,0,0,0,0,0,0,0,0,1,1,0,0,0,4,0,0,0,0,0
bibliometric analysis,0,2,0,1,1,0,0,0,1,0,0,0,1,0,1,0,0,0,0,0,0,0,0,0,0,0,0,0,0,0,0,0,0,1,0,4,0,1,0,0
internet of things,2,0,0,1,0,0,1,0,2,0,1,1,0,1,1,0,0,1,0,1,0,0,0,0,0,0,0,0,0,0,0,0,0,0,0,0,4,0,0,0
open innovation,0,0,0,0,0,0,0,0,0,0,0,0,2,0,2,0,0,0,0,0,0,0,0,0,0,0,0,0,0,0,0,0,0,0,0,1,0,4,0,0
barriers,1,1,1,0,0,0,0,0,0,1,0,0,0,0,0,0,0,0,0,0,0,0,0,0,0,0,0,0,0,0,0,0,0,0,0,0,0,0,3,0
platform real estate,0,0,0,0,0,1,0,1,0,0,0,0,0,0,0,0,0,0,0,0,0,2,1,0,0,0,0,0,0,0,0,1,1,0,0,0,0,0,0,3
